,yield,y_classider,y_regression
2014-05-02 08:00:00,0.0,0.0,0.0
2015-10-24 16:00:00,0.0,0.0,0.0445930881
2014-08-27 20:00:00,0.0,0.0,0.0
2014-05-19 12:00:00,0.0,0.0,0.0
2014-08-23 02:00:00,0.0,0.0,0.0
2014-03-16 16:00:00,0.0,0.0,0.0
2014-01-22 20:00:00,10.07525084,1.0,13.6287625429
2014-06-08 14:00:00,0.0,0.0,0.0
2015-09-10 20:00:00,0.0,0.0,0.0
2014-03-17 14:00:00,0.0,0.0,0.0
2014-09-17 06:00:00,0.0,1.0,0.1748885172
2014-06-26 22:00:00,0.0,0.0,0.0
2015-08-15 06:00:00,0.0,0.0,0.0
2014-06-06 14:00:00,0.0,0.0,0.0
2014-07-30 20:00:00,0.0,0.0,0.0
2014-04-06 16:00:00,0.0,0.0,0.0
2014-09-29 16:00:00,0.0,0.0,0.0
2015-01-30 06:00:00,0.0,0.0,0.011845039
2014-09-10 04:00:00,0.0,0.0,0.0
2014-06-10 06:00:00,17.57246377,1.0,19.7512541791
2015-09-01 12:00:00,0.0,0.0,0.0
2015-02-03 20:00:00,5.894648829,1.0,9.0802675584
2014-06-03 16:00:00,0.0,0.0,0.0
2014-01-19 10:00:00,15.50306577,1.0,15.9559643265
2014-12-13 02:00:00,0.0,0.0,0.0
2015-09-05 16:00:00,0.0,0.0,0.0
2014-10-05 08:00:00,0.09754738,0.0,0.0
2014-06-28 10:00:00,0.0,0.0,0.0
2015-09-20 20:00:00,0.0,0.0,0.0
2014-12-18 20:00:00,0.0,0.0,0.0
2014-08-16 14:00:00,0.0,0.0,0.0
2014-04-05 12:00:00,0.0,0.0,0.0
2015-01-25 04:00:00,0.0,0.0,0.0
2014-12-15 06:00:00,8.688684504,1.0,8.2720178378
2013-12-21 04:00:00,0.0,0.0,0.177676823997
2014-05-10 16:00:00,0.0,0.0,0.0
2015-02-17 04:00:00,0.0,0.0,0.0
2014-02-03 10:00:00,2.961259755,1.0,9.8160535123
2014-02-03 20:00:00,1.059085842,1.0,3.4671125975
2014-09-09 22:00:00,0.0,0.0,0.019509476
2014-05-02 02:00:00,0.0,0.0,0.0
2014-01-21 16:00:00,1.407469342,1.0,1.6088350055
2014-10-02 14:00:00,0.0,0.0,0.0
2014-04-03 10:00:00,0.0,1.0,0.5399944258
2015-11-26 12:00:00,0.0,0.0,0.0
2015-08-22 08:00:00,0.0,0.0,0.0
2014-02-24 08:00:00,2.278428094,1.0,1.9126254179
2014-03-23 12:00:00,0.0,0.0,0.0
2015-03-17 08:00:00,4.480211817,1.0,0.669593088
2015-11-07 12:00:00,0.0,0.0,0.0
2013-12-10 20:00:00,0.0,0.0,0.0
2014-08-01 04:00:00,0.0,0.0,0.0
2014-02-17 02:00:00,24.62374582,1.0,3.2831661093
2014-08-03 12:00:00,0.0,0.0,0.0
2014-11-02 04:00:00,0.0,0.0,0.0
2014-06-19 04:00:00,21.27926421,1.0,23.2643534014
2015-10-16 04:00:00,0.0,0.0,0.0
2015-11-02 14:00:00,0.0,0.0,0.0
2015-11-06 20:00:00,0.0,0.0,0.0
2015-11-07 08:00:00,0.0,0.0,0.0
2014-03-10 14:00:00,0.0,0.0,0.0
2014-10-01 20:00:00,0.0,0.0,0.0
2013-12-24 16:00:00,0.0,0.0,0.0
2014-04-17 14:00:00,0.0,0.0,0.0
2015-02-24 02:00:00,0.0,0.0,0.0
2013-12-26 22:00:00,1.114827202,1.0,18.758361203
2014-01-10 12:00:00,0.02090301,0.0,0.0
2014-02-04 00:00:00,0.01393534,0.0,2.3209308809
2015-10-01 12:00:00,0.0,0.0,0.0
2014-02-17 16:00:00,13.52424749,1.0,12.045707916
2015-08-23 00:00:00,0.0,0.0,0.0
2015-12-01 14:00:00,0.0,0.0,0.0
2014-08-01 08:00:00,0.0,0.0,0.0
2014-01-19 02:00:00,13.81688963,1.0,12.3787625429
2014-05-01 16:00:00,0.0,0.0,0.0
2015-10-16 22:00:00,0.0,0.0,1.1008918619
2014-01-20 04:00:00,8.375139353,1.0,7.692307692
2015-01-08 22:00:00,0.0,0.0,0.0
2015-12-08 18:00:00,0.0,0.0,0.0
2014-07-16 08:00:00,0.0,0.0,0.0
2014-02-16 06:00:00,15.62151617,1.0,10.9413322189
2014-02-27 00:00:00,0.0,0.0,0.0
2015-11-09 22:00:00,0.0,0.0,0.0
2015-02-17 12:00:00,0.00696767,0.0,0.0
2014-09-05 08:00:00,0.0,0.0,0.0
2014-02-17 18:00:00,10.5490524,1.0,10.3595317732
2015-02-13 18:00:00,5.824972129,1.0,2.0248049053
2015-10-12 00:00:00,5.734392419,1.0,3.5374860647
2014-07-20 16:00:00,0.0,0.0,0.0
2015-02-13 12:00:00,0.02090301,1.0,0.6988573022
2013-11-29 22:00:00,0.0,0.0,0.0
2015-02-22 12:00:00,2.173913043,1.0,2.3383500558
2013-12-08 00:00:00,0.0,0.0,0.0
2015-11-21 08:00:00,0.0,0.0,0.0
2014-04-19 20:00:00,0.03483835,0.0,1.259754738
2015-09-08 06:00:00,0.0,0.0,0.0
2014-07-07 12:00:00,0.0,0.0,0.010451505
2014-01-09 12:00:00,0.0,0.0,0.0
2014-04-02 06:00:00,8.263656633,1.0,5.1024247493
2015-01-27 04:00:00,0.0,0.0,0.0
2014-04-04 08:00:00,0.10451505,1.0,2.0366499444
2013-12-01 14:00:00,0.00696767,0.0,0.0425027871
2013-12-24 06:00:00,0.0,0.0,0.0
2015-09-02 02:00:00,0.0,0.0,0.0
2014-01-07 18:00:00,0.0,0.0,0.0
2015-01-12 06:00:00,0.0,0.0,0.0
2014-09-11 02:00:00,0.0,0.0,0.0
2015-01-30 16:00:00,0.26477146,0.0,0.0
2014-08-29 08:00:00,0.0,0.0,0.0
2015-11-01 04:00:00,21.39074693,1.0,11.523829431
2014-10-06 22:00:00,0.0,0.0,0.0
2014-01-16 22:00:00,2.013656633,1.0,1.1642976589
2014-08-22 16:00:00,0.0,0.0,0.0
2015-01-12 10:00:00,0.0,0.0,0.0
2015-02-22 16:00:00,5.748327759,1.0,1.1033305463
2015-11-10 02:00:00,0.0,0.0,0.0
2015-08-14 06:00:00,0.0,0.0,0.0
2014-04-10 06:00:00,0.0,0.0,0.0
2015-03-28 00:00:00,0.0,0.0,0.0
2014-04-04 04:00:00,13.09921962,1.0,10.5490523966
2014-10-29 04:00:00,0.0,0.0,0.0
2015-08-21 18:00:00,0.0,0.0,0.0
2014-12-27 10:00:00,0.0,0.0,0.0
2015-09-27 12:00:00,0.00696767,1.0,0.0
2013-12-26 16:00:00,12.31884058,1.0,10.563684505
2014-04-12 06:00:00,0.0,0.0,0.0
2014-07-10 10:00:00,0.0,0.0,0.0
2015-03-27 02:00:00,0.0,0.0,0.0
2014-12-27 12:00:00,0.0,0.0,0.0
2014-04-09 08:00:00,0.0,0.0,0.0
2015-01-12 16:00:00,0.0,0.0,0.0
2014-06-06 18:00:00,0.0,0.0,0.0
2014-04-21 06:00:00,4.201505017,1.0,6.4158305466
2014-02-02 12:00:00,0.01393534,0.0,0.0794314382
2015-10-01 08:00:00,0.0,0.0,0.0
2014-05-09 20:00:00,0.0,0.0,0.0
2014-12-03 14:00:00,0.06270903,1.0,1.8997352286
2015-09-08 14:00:00,0.0,0.0,0.0
2015-03-06 22:00:00,0.0,0.0,0.0
2014-09-13 16:00:00,0.0,0.0,0.0
2014-07-06 04:00:00,0.0,0.0,0.0
2014-02-19 08:00:00,0.0,0.0,0.1372630991
2014-03-08 14:00:00,0.0,0.0,2.2219910369
2015-10-31 00:00:00,2.696488294,1.0,1.7140468227
2014-10-14 18:00:00,8.835005574,1.0,4.081661093
2014-06-24 10:00:00,0.0,0.0,0.7100055741
2015-02-06 10:00:00,0.0,0.0,0.2452619844
2015-08-04 06:00:00,0.0,0.0,0.01393534
2014-07-20 20:00:00,0.0,0.0,0.0
2015-10-19 18:00:00,1.073021182,1.0,1.6638795987
2015-03-06 16:00:00,0.0,0.0,0.0
2014-05-20 10:00:00,0.0,0.0,0.0
2015-03-03 02:00:00,0.0,0.0,0.0
2014-01-09 14:00:00,0.0,0.0,0.0
2015-09-10 00:00:00,0.0,0.0,0.0
2014-08-21 14:00:00,0.0,0.0,0.0
2014-05-14 14:00:00,0.0,0.0,0.0
2013-12-20 14:00:00,0.0,0.0,0.9841833891
2014-05-28 02:00:00,13.70540691,1.0,17.0171404673
2015-11-22 00:00:00,9.692028986,1.0,4.5289855073
2015-09-24 20:00:00,0.0,0.0,0.0
2014-06-06 10:00:00,0.0,0.0,0.0
2014-03-16 18:00:00,0.0,0.0,0.0
2014-03-23 10:00:00,0.0,0.0,0.0
2015-02-05 04:00:00,3.525641026,1.0,8.8754180592
2013-12-12 12:00:00,0.0,0.0,0.0
2015-08-21 22:00:00,0.0,0.0,0.0
2014-07-12 02:00:00,0.0,0.0,0.0
2014-07-28 10:00:00,0.0,0.0,0.0271764832917
2015-09-13 14:00:00,0.0,0.0,0.0
2014-07-19 22:00:00,0.0,0.0,0.0
2014-08-02 14:00:00,0.0,0.0,0.0
2014-04-07 22:00:00,0.0,0.0,0.0
2014-12-28 22:00:00,5.539297659,1.0,2.0680044595
2014-08-01 02:00:00,0.0,0.0,0.0
2014-02-04 20:00:00,0.0,0.0,0.146324681037
2013-12-09 14:00:00,0.0,0.0,0.0
2014-03-15 18:00:00,0.0,0.0,0.0
2014-03-23 22:00:00,0.0,0.0,0.0
2014-12-03 22:00:00,14.7993311,1.0,15.71070234
2014-05-07 18:00:00,0.0,0.0,0.0
2015-09-04 20:00:00,0.0,0.0,0.0
2014-01-29 14:00:00,19.08444816,1.0,17.5508639903
2015-08-24 14:00:00,0.0,0.0,0.0
2014-10-04 08:00:00,0.0,0.0,0.0
2014-10-21 18:00:00,0.0,0.0,0.0
2015-08-17 22:00:00,8.528428094,1.0,14.864827201
2014-08-04 10:00:00,0.0,0.0,0.013238573
2015-02-23 14:00:00,0.0,0.0,0.0
2015-12-13 08:00:00,0.0,0.0,0.0
2015-10-30 14:00:00,0.0,0.0,0.0
2015-10-02 12:00:00,0.0,0.0,0.0
2014-07-18 10:00:00,0.0,0.0,0.0
2015-11-06 06:00:00,0.0,0.0,0.0
2014-03-13 06:00:00,2.710423634,1.0,4.0175585287
2015-10-10 10:00:00,0.0,0.0,0.0
2014-08-08 08:00:00,0.0,0.0,0.0
2015-08-17 00:00:00,5.037625418,1.0,9.8641304355
2015-08-16 10:00:00,0.0,0.0,0.0
2015-01-12 14:00:00,0.0,0.0,0.0
2015-10-02 10:00:00,0.0,0.0,0.0
2014-09-29 08:00:00,2.125139353,1.0,3.4935897436
2014-08-05 06:00:00,0.0,0.0,0.0
2014-01-22 08:00:00,4.863433668,1.0,3.6684782609
2015-03-07 02:00:00,0.0,0.0,0.0
2014-02-18 04:00:00,5.734392419,1.0,4.6295733255
2014-12-24 04:00:00,0.0,0.0,0.0
2015-10-13 10:00:00,1.031215162,1.0,3.1472965441
2014-08-07 02:00:00,0.0,0.0,0.0
2014-03-29 10:00:00,2.257525084,1.0,7.4205685616
2015-10-01 06:00:00,0.0,0.0,0.0
2014-05-09 08:00:00,0.0,0.0,0.0
2014-05-27 22:00:00,12.88322185,1.0,8.8566053516
2014-10-01 10:00:00,0.0,0.0,0.0
2015-09-03 16:00:00,0.0,0.0,0.0
2014-12-13 22:00:00,6.49386845,1.0,1.4924749161
2015-12-17 14:00:00,0.0,0.0,0.0
2014-03-18 16:00:00,0.0,0.0,0.0
2014-12-16 08:00:00,0.2787068,1.0,3.2817725753
2015-11-08 14:00:00,0.0,0.0,0.0
2014-08-25 16:00:00,0.0,0.0,0.0
2015-03-23 04:00:00,0.682831661,1.0,2.3857302118
2014-08-05 04:00:00,0.0,0.0,0.0
2014-01-17 14:00:00,8.967391304,1.0,5.5804069122
2014-07-06 18:00:00,0.25083612,1.0,0.0
2014-08-09 16:00:00,0.0,0.0,0.0
2015-10-21 10:00:00,0.0,0.0,0.0
2014-07-16 02:00:00,0.0,0.0,0.0
2015-12-19 14:00:00,0.0,0.0,0.0
2014-10-26 04:00:00,0.0,0.0,0.0
2014-03-03 04:00:00,25.33444816,1.0,21.5760869553
2014-07-07 22:00:00,0.0,1.0,6.309921962
2015-02-04 00:00:00,7.678372352,1.0,7.5877926427
2014-10-21 00:00:00,0.0,0.0,0.0
2014-02-26 16:00:00,0.0,0.0,0.0
2014-09-14 12:00:00,0.0,0.0,0.0
2014-02-04 14:00:00,0.0,0.0,0.0
2015-01-14 10:00:00,0.0,0.0,0.0
2014-06-27 14:00:00,0.0,0.0,0.0
2014-10-25 20:00:00,0.0,0.0,0.0
2014-12-13 08:00:00,0.0,0.0,0.0
2014-07-10 12:00:00,0.0,0.0,0.0
2014-12-06 20:00:00,0.07664437,0.0,0.0564381271
2015-02-18 02:00:00,1.714046823,1.0,3.4127647716
2014-08-28 10:00:00,0.0,0.0,0.0
2013-12-12 08:00:00,0.0,0.0,0.0
2014-05-18 04:00:00,13.7541806,1.0,14.8076923069
2014-02-20 22:00:00,0.0,0.0,0.0
2014-07-29 16:00:00,0.0,0.0,0.0
2014-08-07 00:00:00,0.0,0.0,0.0
2013-12-20 10:00:00,0.982441472,1.0,6.2674191756
2014-06-04 12:00:00,0.0,0.0,0.0139366554821
2014-01-10 18:00:00,0.0,1.0,1.1270206243
2014-10-16 12:00:00,0.00696767,0.0,0.017419175
2015-10-19 20:00:00,0.459866221,1.0,2.2352285396
2015-08-31 10:00:00,0.0,0.0,0.0
2015-12-17 00:00:00,0.0,0.0,0.0
2014-12-07 20:00:00,0.0,0.0,0.0
2015-08-25 18:00:00,0.0,0.0,0.0
2014-07-29 18:00:00,0.0,0.0,0.0
2014-02-01 12:00:00,2.487458194,1.0,4.0252229653
2015-03-23 06:00:00,0.961538462,1.0,2.6964882943
2015-02-24 08:00:00,0.0,0.0,0.0
2014-06-20 16:00:00,0.0,0.0,0.0
2014-04-07 10:00:00,0.0,0.0,0.017419175
2014-02-05 04:00:00,0.0,0.0,0.0
2014-06-30 12:00:00,0.0,0.0,0.0
2015-02-05 08:00:00,0.0,1.0,1.0256410256
2014-10-28 04:00:00,0.0,0.0,0.0
2014-01-29 12:00:00,41.33918618,1.0,12.9417502784
2014-09-16 04:00:00,0.0,0.0,0.0
2014-03-28 04:00:00,0.0,1.0,2.6240245263
2014-01-28 18:00:00,4.612597547,1.0,5.3400222967
2015-02-17 02:00:00,0.0,0.0,0.60409699
2015-02-12 18:00:00,0.557413601,1.0,1.2266899766
2014-08-04 14:00:00,0.0,0.0,0.0
2013-11-29 08:00:00,0.0,0.0,0.0
2014-06-28 22:00:00,0.0,0.0,0.0
2015-02-18 14:00:00,0.0,0.0,0.8904682274
2014-06-07 20:00:00,0.0,0.0,0.0
2014-08-17 08:00:00,0.0,0.0,0.0
2013-12-30 20:00:00,0.0,0.0,0.0
2014-07-21 20:00:00,0.0,0.0,0.0
2014-04-17 12:00:00,0.0,0.0,0.0
2014-08-08 00:00:00,0.0,0.0,0.0
2014-09-05 00:00:00,0.0,0.0,0.0
2015-10-03 12:00:00,0.0,0.0,0.0
2014-10-14 10:00:00,0.04877369,1.0,0.5636845038
2014-07-21 02:00:00,0.0,0.0,0.0
2014-04-29 10:00:00,0.0,0.0,0.0
2014-07-09 08:00:00,0.0,0.0,0.0404124861
2015-01-10 08:00:00,0.0,0.0,0.0
2014-03-23 18:00:00,0.0,0.0,0.0
2014-09-25 22:00:00,0.0,0.0,0.0
2014-07-18 20:00:00,0.0,0.0,0.0
2014-02-11 22:00:00,0.0,0.0,0.0
2013-12-27 04:00:00,0.0,0.0,0.0
2015-12-21 04:00:00,0.0,0.0,0.0
2015-12-03 20:00:00,0.0,0.0,0.0
2014-09-18 16:00:00,0.0,0.0,0.0
2014-02-02 00:00:00,8.131270903,1.0,8.8830824974
2014-12-01 06:00:00,9.434225195,1.0,10.194397993
2015-11-22 18:00:00,3.483835006,1.0,5.1059085844
2015-11-08 12:00:00,0.0,0.0,0.0
2014-04-05 14:00:00,0.0,0.0,0.0
2015-03-25 04:00:00,19.5861204,1.0,12.6644370117
2014-01-09 22:00:00,0.0,0.0,0.0
2014-03-30 12:00:00,0.0,0.0,0.0
2015-09-21 02:00:00,0.0,0.0,0.0
2015-10-01 18:00:00,0.0,0.0,0.0
2015-02-17 20:00:00,0.0,0.0,0.0919732441
2014-06-09 02:00:00,0.0,0.0,1.4046822743
2014-08-27 10:00:00,0.0,0.0,0.0
2013-11-29 10:00:00,0.0,0.0,0.0
2014-02-05 16:00:00,0.0,0.0,0.0
2014-08-23 08:00:00,0.0,0.0,0.0
2015-09-20 18:00:00,0.0,0.0,0.0
2015-02-19 00:00:00,0.529542921,1.0,1.2820512819
2013-12-26 10:00:00,7.476309922,1.0,7.7989130446
2015-10-30 00:00:00,0.0,0.0,0.0
2015-11-22 06:00:00,5.309364548,1.0,5.5699554071
2015-08-05 06:00:00,0.0,0.0,0.0
2014-03-17 02:00:00,0.0,0.0,0.0
2015-10-10 14:00:00,0.0,0.0,0.0
2015-02-19 04:00:00,0.0,0.0,0.2132107023
2014-04-04 12:00:00,0.0,0.0,0.0
2013-12-09 08:00:00,0.0,0.0,0.0
2014-02-22 20:00:00,0.0,0.0,0.0
2015-08-14 14:00:00,0.0,0.0,0.0
2014-06-22 20:00:00,0.0,0.0,0.0
2015-12-21 16:00:00,0.0,0.0,0.0
2015-12-01 16:00:00,0.0,0.0,0.0
2014-09-06 00:00:00,0.0,0.0,0.0
2014-02-28 22:00:00,0.0,0.0,0.0
2014-04-07 04:00:00,0.0,0.0,0.0
2015-11-18 12:00:00,0.0,0.0,0.0
2014-01-15 02:00:00,0.613154961,0.0,0.02090301
2015-03-10 20:00:00,0.0,0.0,0.0
2014-08-22 12:00:00,0.0,0.0,0.0
2013-12-30 10:00:00,0.0,0.0,0.0
2014-09-25 00:00:00,2.306298774,1.0,3.3835005575
2015-01-24 16:00:00,0.0,0.0,0.0
2014-01-11 12:00:00,0.0,0.0,0.0
2015-11-25 12:00:00,0.0,0.0,0.0
2015-11-20 16:00:00,0.0,0.0,0.0
2013-12-08 18:00:00,0.0,0.0,0.0
2015-03-09 10:00:00,0.0,0.0,0.0
2014-12-26 18:00:00,0.0,0.0,0.0
2014-05-12 10:00:00,0.0,0.0,0.0
2014-12-24 22:00:00,0.0,0.0,0.0
2014-03-22 22:00:00,0.0,0.0,0.0
2014-04-05 22:00:00,0.0,0.0,0.0
2014-03-22 00:00:00,0.0,0.0,0.0
2013-12-28 00:00:00,0.0,0.0,0.0
2015-08-13 00:00:00,0.348383501,1.0,0.0
2014-03-31 08:00:00,0.0,0.0,0.0
2015-01-03 06:00:00,0.0,0.0,0.0
2014-04-09 02:00:00,0.0,0.0,0.0
2014-10-28 08:00:00,0.0,0.0,0.0
2015-03-09 02:00:00,0.0,0.0,0.0
2014-01-29 18:00:00,3.407190635,1.0,5.5992196213
2014-06-22 16:00:00,0.0,0.0,0.0
2013-12-21 18:00:00,0.0,0.0,0.9733835005
2014-08-21 08:00:00,0.0,0.0,0.0
2013-12-07 00:00:00,0.0,1.0,0.1934375847
2014-05-16 14:00:00,0.0,0.0,0.0
2014-05-18 12:00:00,0.0,0.0,0.0
2015-08-30 08:00:00,0.0,0.0,0.0
2015-12-13 02:00:00,0.0,0.0,0.0
2014-10-14 16:00:00,1.463210702,0.0,0.7009476032
2014-10-01 16:00:00,0.0,0.0,0.0
2014-10-01 00:00:00,0.0,0.0,0.0
2014-05-27 04:00:00,26.00334448,1.0,24.54919175
2014-07-07 14:00:00,0.0,0.0,0.0
2014-06-20 00:00:00,8.918617614,1.0,8.278985508
2015-03-28 04:00:00,0.0,0.0,0.0
2015-08-17 06:00:00,0.0,1.0,0.0445930881
2014-12-24 14:00:00,0.0,0.0,0.0
2014-06-24 04:00:00,13.79598662,1.0,14.0858416956
2014-05-16 16:00:00,0.0,0.0,0.0
2014-04-29 06:00:00,0.0,0.0,0.0
2014-04-23 08:00:00,0.0,0.0,0.0
2013-12-22 22:00:00,0.0,0.0,0.0
2015-11-24 04:00:00,0.0,0.0,0.0
2014-08-26 12:00:00,0.0,0.0,0.0
2015-10-04 16:00:00,0.0,0.0,0.0
2015-01-16 02:00:00,0.0,0.0,0.0
2014-01-21 14:00:00,0.390189521,1.0,0.0
2015-08-15 00:00:00,0.0,0.0,0.0
2015-08-13 18:00:00,0.0,0.0,0.0
2014-09-28 22:00:00,8.855908584,1.0,12.9772853966
2015-09-27 14:00:00,0.0,0.0,0.0
2014-04-04 20:00:00,0.0,0.0,0.0
2014-04-06 00:00:00,0.0,0.0,0.0
2014-12-24 12:00:00,0.0,0.0,0.0
2013-12-11 08:00:00,0.0,0.0,0.0
2014-09-26 04:00:00,0.0,0.0,0.0
2014-09-04 20:00:00,0.0,0.0,0.0
2015-03-03 18:00:00,0.0,0.0,0.0
2015-02-12 22:00:00,15.23829431,1.0,12.6003344506
2014-10-04 12:00:00,0.0,0.0,0.0
2015-12-16 02:00:00,0.0,0.0,0.0
2014-06-21 04:00:00,0.0,0.0,0.0
2013-12-21 10:00:00,0.0,0.0,0.0
2014-02-25 08:00:00,0.0,0.0,0.0
2014-12-26 08:00:00,0.0,0.0,0.0
2015-01-17 10:00:00,0.0,0.0,0.5985228539
2015-03-17 06:00:00,1.518952062,0.0,0.1017279822
2014-02-02 14:00:00,4.368729097,1.0,1.2374581939
2015-11-04 22:00:00,0.0,0.0,0.0
2014-02-26 18:00:00,0.0,0.0,0.0
2014-07-11 06:00:00,0.0,0.0,0.0
2015-10-20 16:00:00,0.0,0.0,0.0
2015-11-02 00:00:00,2.529264214,1.0,2.2442865107
2014-12-13 10:00:00,0.0,0.0,0.0
2015-03-17 18:00:00,0.21599777,0.0,0.2146042363
2014-07-31 12:00:00,0.0,0.0,0.0
2014-06-08 12:00:00,0.0,0.0,0.0
2015-10-31 16:00:00,0.00696767,0.0,0.3023968785
2014-02-17 14:00:00,12.88322185,1.0,8.0748327761
2014-12-21 16:00:00,0.0,0.0,0.0
2013-12-04 12:00:00,0.0,0.0,0.0
2013-12-03 04:00:00,0.0,0.0,0.0
2015-10-09 10:00:00,0.04180602,0.0,0.0585284281
2015-11-13 14:00:00,0.0,0.0,0.0
2014-01-22 14:00:00,1.916109253,1.0,0.5946906355
2014-10-23 22:00:00,0.0,0.0,0.0
2015-09-07 00:00:00,0.0,0.0,0.0
2015-10-14 08:00:00,3.664994426,1.0,3.8698439241
2014-10-15 22:00:00,0.00696767,0.0,0.0
2014-03-30 14:00:00,0.0,0.0,0.0
2014-06-21 06:00:00,0.0,0.0,0.0
2015-03-24 16:00:00,0.745540691,1.0,3.6677814938
2014-01-10 06:00:00,0.0,0.0,0.1923076924
2014-10-06 02:00:00,0.05574136,0.0,0.0
2014-10-28 20:00:00,0.0,0.0,0.0
2014-10-31 20:00:00,0.0,0.0,0.0
2015-08-30 14:00:00,0.0,0.0,0.0
2014-03-03 00:00:00,16.47157191,1.0,15.8612040143
2015-12-13 16:00:00,0.0,0.0,0.0
2015-10-02 08:00:00,0.0,0.0,0.0
2014-02-07 18:00:00,0.20206243,1.0,0.4131828316
2015-09-08 10:00:00,0.0,0.0,0.0292654877971
2015-01-11 10:00:00,0.0,0.0,0.0
2015-11-23 06:00:00,0.0,1.0,0.013238573
2014-08-26 14:00:00,0.0,0.0,0.0
2014-04-25 16:00:00,0.0,0.0,0.0
2015-02-22 02:00:00,17.0080825,1.0,18.811315496
2014-03-15 00:00:00,0.0,0.0,0.0
2014-05-12 04:00:00,0.0,0.0,0.0
2014-12-08 22:00:00,0.0,0.0,0.0
2014-03-08 20:00:00,0.0,0.0,0.0
2014-11-01 00:00:00,0.0,0.0,0.0
2014-06-23 02:00:00,0.0,0.0,0.0
2014-10-29 20:00:00,0.0,0.0,0.0
2014-06-20 06:00:00,8.124303233,1.0,9.6669453746
2015-01-14 16:00:00,0.0,0.0,0.0
2015-09-24 22:00:00,0.0,0.0,0.0
2014-10-02 10:00:00,0.0,0.0,0.0
2014-08-05 22:00:00,0.0,0.0,0.0
2015-01-15 22:00:00,0.0,0.0,0.0
2014-10-25 00:00:00,0.0,0.0,0.0
2014-05-15 06:00:00,0.0,0.0,0.0
2014-07-06 14:00:00,0.0,0.0,0.0
2014-07-08 18:00:00,0.0,0.0,0.0
2014-06-10 22:00:00,16.25557414,1.0,12.3954849502
2013-12-22 18:00:00,0.0,0.0,0.0
2015-10-09 20:00:00,2.529264214,1.0,6.4088628761
2015-08-05 10:00:00,0.0,0.0,0.0
2015-10-18 10:00:00,0.07664437,0.0,0.0
2014-12-20 16:00:00,0.0,0.0,0.0
2015-01-04 04:00:00,0.0,0.0,0.0
2014-09-26 00:00:00,0.0,0.0,0.0
2015-11-07 00:00:00,0.0,0.0,0.0
2014-08-17 12:00:00,0.0,0.0,0.0
2014-06-05 20:00:00,0.0,0.0,0.0
2015-03-26 20:00:00,0.0,0.0,0.0362344543917
2014-02-18 06:00:00,5.831939799,1.0,6.4792363441
2015-02-26 16:00:00,0.0,0.0,0.0
2014-08-28 14:00:00,0.0,0.0,0.0
2014-07-26 02:00:00,3.839186176,1.0,3.6670847269
2014-04-12 08:00:00,0.0,0.0,0.0
2014-08-24 14:00:00,0.0,0.0,0.0
2015-01-25 18:00:00,0.0,0.0,0.0
2014-10-27 00:00:00,0.0,0.0,0.0
2015-01-24 14:00:00,0.0,0.0,0.0
2015-11-01 20:00:00,0.0,1.0,1.6771181716
2015-10-30 16:00:00,0.0,0.0,0.0
2014-01-27 12:00:00,0.0,0.0,0.0
2015-09-14 08:00:00,0.0,0.0,0.0
2014-10-31 18:00:00,0.11148272,0.0,0.0
2015-09-04 08:00:00,0.0,0.0,0.0
2015-01-05 08:00:00,0.0,0.0,0.0
2014-12-28 16:00:00,4.180602007,0.0,1.2395484949
2014-04-12 10:00:00,0.0,0.0,0.0
2014-04-06 10:00:00,0.0,0.0,0.0
2014-01-02 02:00:00,0.0,0.0,0.0
2013-12-02 10:00:00,0.0,0.0,0.0
2015-10-18 00:00:00,0.0,0.0,0.126811594
2014-01-11 10:00:00,0.0,0.0,0.0
2015-11-28 14:00:00,0.0,0.0,0.0
2015-11-13 22:00:00,0.0,0.0,0.0
2015-02-18 16:00:00,0.00696767,0.0,0.3832218506
2014-09-09 02:00:00,0.0,0.0,0.0
2014-06-08 06:00:00,0.0,0.0,0.0
2014-01-30 12:00:00,0.00696767,1.0,0.2442168339
2014-01-15 18:00:00,0.0,0.0,0.0
2014-10-31 06:00:00,0.0,0.0,0.0
2014-06-17 00:00:00,13.02257525,1.0,12.1530100334
2014-10-26 20:00:00,0.0,0.0,0.0
2014-03-13 00:00:00,3.957636566,1.0,4.4077480492
2014-08-23 06:00:00,0.0,0.0,0.0
2015-11-09 20:00:00,0.0,0.0,0.0
2014-05-07 10:00:00,0.0,0.0,0.0
2014-03-17 04:00:00,0.0,0.0,0.0
2015-10-19 22:00:00,0.334448161,1.0,1.4973522856
2015-08-20 04:00:00,0.0,0.0,0.0
2014-03-19 16:00:00,0.00696767,0.0,0.0
2014-10-17 08:00:00,0.0,0.0,0.0
2015-10-18 08:00:00,0.0,0.0,0.0
2014-01-16 02:00:00,0.0,0.0,0.0
2014-06-29 00:00:00,0.0,0.0,0.0
2014-03-30 20:00:00,0.0,0.0,0.0
2014-06-09 20:00:00,2.780100334,1.0,0.6305741361
2015-02-23 08:00:00,0.0,0.0,0.0
2014-05-14 16:00:00,0.0,0.0,0.0
2014-10-21 20:00:00,0.0,0.0,0.0
2015-10-29 16:00:00,0.0,0.0,0.0
2015-08-18 18:00:00,0.0,0.0,0.0
2014-08-03 18:00:00,0.0,0.0,1.2102842809
2014-01-28 10:00:00,0.0,0.0,0.0
2014-05-15 12:00:00,0.0,0.0,0.0
2014-06-07 08:00:00,0.0,0.0,0.0
2015-02-04 14:00:00,0.0,1.0,1.5739966555
2014-12-16 16:00:00,0.794314381,0.0,0.0
2014-03-08 02:00:00,0.0,0.0,0.0
2014-07-11 08:00:00,0.0,0.0,0.0
2013-12-24 14:00:00,0.0,0.0,0.0
2015-03-16 10:00:00,0.0,0.0,0.0
2015-11-27 06:00:00,0.0,0.0,0.0
2015-02-13 08:00:00,11.35730212,1.0,9.3729096992
2014-12-27 00:00:00,0.0,0.0,0.0
2014-09-10 06:00:00,0.0,0.0,0.0
2015-08-30 06:00:00,0.0,0.0,0.0
2014-08-07 16:00:00,0.0,0.0,0.0
2014-02-20 16:00:00,0.0,0.0,0.0
2014-02-05 08:00:00,0.0,0.0,0.0
2013-12-09 06:00:00,0.0,0.0,0.0
2015-09-28 12:00:00,0.0,0.0,0.0
2014-03-15 10:00:00,0.0,0.0,0.0
2014-12-15 08:00:00,14.37430323,1.0,10.8472686739
2014-03-11 18:00:00,0.0,1.0,1.1113433666
2015-01-31 02:00:00,15.36371237,1.0,20.143534002
2014-04-02 18:00:00,3.978539576,1.0,5.5685618732
2015-12-09 06:00:00,0.0,0.0,0.0
2014-01-18 02:00:00,7.803790412,1.0,11.1231884065
2015-01-22 20:00:00,8.584169454,1.0,7.9758918607
2015-10-31 20:00:00,30.30936455,1.0,16.611622074
2014-09-29 06:00:00,5.211817168,1.0,9.419593088
2014-12-05 12:00:00,0.0,0.0,0.0348383501
2015-03-12 02:00:00,0.0,0.0,0.0
2015-01-14 12:00:00,0.0,0.0,0.0125463905091
2014-12-15 04:00:00,6.988573021,1.0,7.4979096989
2014-06-28 18:00:00,0.0,0.0,0.01393534
2015-08-16 16:00:00,0.0,0.0,0.0
2014-04-03 12:00:00,0.0,0.0,0.0
2015-11-24 06:00:00,0.0,0.0,0.0
2014-08-02 22:00:00,34.51086957,1.0,16.1559364551
2013-12-13 14:00:00,0.0,0.0,0.0
2015-08-04 02:00:00,0.0,0.0,0.0
2014-04-24 04:00:00,0.0,0.0,0.0
2014-01-01 18:00:00,0.0,0.0,0.0
2014-04-03 22:00:00,10.92530658,1.0,6.5280100348
2015-01-03 12:00:00,0.0,0.0,0.0
2014-10-29 06:00:00,0.0,0.0,0.0
2014-01-19 22:00:00,8.758361204,1.0,18.398829431
2014-12-25 12:00:00,0.0,0.0,0.0
2014-02-04 16:00:00,0.0,0.0,0.0
2015-11-09 16:00:00,0.0,0.0,0.0
2015-12-15 14:00:00,0.0,0.0,0.0
2014-03-23 02:00:00,0.0,0.0,0.0
2015-03-11 04:00:00,0.0,0.0,0.0
2014-05-02 16:00:00,0.0,0.0,0.0
2015-01-13 02:00:00,0.0,0.0,0.0
2015-09-20 22:00:00,0.0,0.0,0.0
2014-04-12 00:00:00,0.0,0.0,0.0
2014-05-19 18:00:00,0.0,0.0,0.0404124861
2014-10-28 22:00:00,0.0,0.0,0.0
2014-04-20 20:00:00,0.06270903,1.0,0.2396878484
2014-05-17 16:00:00,0.0,0.0,0.0
2014-03-30 22:00:00,0.0,0.0,0.0
2014-09-29 22:00:00,12.47909699,1.0,8.990384616
2014-10-14 04:00:00,17.46794872,1.0,17.619147158
2014-01-01 06:00:00,0.0,0.0,0.0
2014-03-13 22:00:00,0.0,1.0,0.0
2014-02-07 04:00:00,19.57915273,1.0,14.710144929
2014-10-05 18:00:00,6.07580825,1.0,2.2756410258
2014-06-10 12:00:00,0.529542921,0.0,0.03483835
2014-05-09 12:00:00,0.0,0.0,0.0
2014-10-24 14:00:00,0.0,0.0,0.0
2014-08-22 10:00:00,0.0,0.0,0.0
2014-06-11 12:00:00,0.0,0.0,0.0
2015-01-02 08:00:00,0.0,0.0,0.0
2015-09-01 00:00:00,0.0,0.0,0.0
2014-03-01 06:00:00,0.0,0.0,0.0
2015-12-15 20:00:00,0.0,0.0,0.0
2014-09-24 18:00:00,0.00696767,0.0,1.3315217391
2014-04-19 10:00:00,0.0,0.0,0.0
2013-11-30 12:00:00,0.0,0.0,0.0
2015-01-16 14:00:00,0.438963211,1.0,0.02090301
2015-08-30 04:00:00,0.0,0.0,0.0
2014-02-04 22:00:00,0.0,0.0,0.0
2014-03-09 00:00:00,0.0,0.0,0.0
2015-11-05 04:00:00,0.0,0.0,0.0
2014-09-14 10:00:00,0.0,0.0,0.0
2014-03-20 12:00:00,0.03483835,0.0,0.0
2015-11-29 06:00:00,0.0,0.0,0.0
2015-08-31 00:00:00,0.0,0.0,0.0
2014-02-09 14:00:00,0.0,0.0,0.0334448161
2015-12-02 06:00:00,0.0,0.0,0.0
2014-07-10 20:00:00,0.0,0.0,0.0
2013-12-09 04:00:00,0.0,0.0,0.0
2015-10-10 06:00:00,0.0,0.0,0.0
2015-02-19 06:00:00,0.0,0.0,0.0397157191
2014-08-23 00:00:00,0.0,0.0,0.0
2015-12-14 00:00:00,0.0,0.0,0.0
2014-07-27 06:00:00,0.0,0.0,0.0
2014-02-08 00:00:00,8.946488294,1.0,6.4534559643
2015-08-10 20:00:00,0.0,0.0,0.0
2015-12-10 20:00:00,0.0,0.0,0.0
2015-01-12 08:00:00,0.0,0.0,0.0
2014-05-01 02:00:00,0.0,0.0,0.0
2014-06-21 12:00:00,0.0,0.0,0.0
2014-10-08 18:00:00,0.0,0.0,0.0
2015-10-22 00:00:00,0.0,0.0,0.3435061316
2015-08-24 22:00:00,0.0,0.0,0.0
2014-10-20 12:00:00,0.0,0.0,0.0
2014-07-27 08:00:00,0.0,0.0,0.0
2015-08-21 08:00:00,0.0,0.0,0.0
2015-10-20 22:00:00,0.0,0.0,0.0
2014-07-08 02:00:00,0.0,0.0,0.0
2015-10-16 08:00:00,0.0,0.0,0.0
2015-09-29 14:00:00,0.0,0.0,0.0
2015-01-07 08:00:00,0.0,0.0,0.0
2014-08-15 02:00:00,0.0,0.0,0.0
2014-10-19 16:00:00,0.0,0.0,0.0
2015-09-21 00:00:00,0.0,0.0,0.0
2014-04-04 06:00:00,10.45847269,1.0,9.9742196213
2014-10-31 08:00:00,0.0,0.0,0.0
2013-12-23 20:00:00,0.0,0.0,0.0
2014-09-05 02:00:00,0.0,0.0,0.0
2015-02-24 04:00:00,0.0,0.0,0.0
2015-08-15 14:00:00,0.0,0.0,0.0
2014-08-20 00:00:00,0.0,0.0,0.0
2014-12-20 00:00:00,0.0,0.0,0.0
2014-05-08 06:00:00,0.0,0.0,0.0
2015-03-15 12:00:00,0.0,0.0,0.0
2014-09-26 06:00:00,0.0,0.0,0.0
2015-08-16 06:00:00,0.0,0.0,0.0
2014-01-11 06:00:00,0.0,0.0,0.4145763656
2014-04-25 08:00:00,0.0,0.0,0.0
2013-12-19 18:00:00,6.1803233,1.0,7.1355908588
2014-04-05 00:00:00,0.0,0.0,0.0
2014-03-08 18:00:00,0.0,0.0,0.0
2014-02-18 16:00:00,0.21599777,1.0,0.5298913043
2014-06-29 22:00:00,0.0,0.0,0.0
2014-08-23 10:00:00,0.0,0.0,0.0
2014-08-04 02:00:00,0.0,0.0,0.0
2014-05-09 22:00:00,0.0,0.0,0.0
2014-08-29 00:00:00,0.0,0.0,0.0
2015-11-30 00:00:00,0.0,0.0,0.0
2013-12-04 10:00:00,0.0,0.0,0.0
2013-12-10 16:00:00,0.0,0.0,0.0
2015-01-17 02:00:00,1.086956522,1.0,3.2901337795
2015-11-23 18:00:00,0.536510591,0.0,2.9389632107
2014-02-19 10:00:00,0.04877369,1.0,2.0185340022
2015-10-21 02:00:00,0.0,0.0,0.0
2014-02-01 14:00:00,2.236622074,1.0,3.0128205128
2013-12-28 14:00:00,0.0,0.0,0.0
2014-06-10 18:00:00,3.114548495,1.0,4.7178093645
2014-08-04 06:00:00,0.0,0.0,0.0
2013-12-28 22:00:00,10.42363434,1.0,13.3535395765
2014-08-19 22:00:00,0.0,0.0,0.0
2015-11-04 10:00:00,0.0,0.0,0.0
2014-07-13 02:00:00,0.0,0.0,0.0
2015-03-29 22:00:00,0.0,0.0,0.0
2014-08-27 12:00:00,0.0,0.0,0.0
2014-03-09 08:00:00,0.02787068,0.0,0.0
2014-09-28 20:00:00,9.336677815,1.0,10.222268675
2014-02-24 04:00:00,0.926700111,1.0,1.7238015606
2014-02-16 22:00:00,5.441750279,1.0,9.9484392419
2014-06-11 00:00:00,0.02090301,1.0,4.2168338906
2013-12-23 06:00:00,0.0,0.0,0.0
2014-08-01 00:00:00,0.0,0.0,0.0
2014-03-21 00:00:00,0.968506132,1.0,3.435758083
2013-12-19 12:00:00,0.0,1.0,0.3713768118
2014-09-29 20:00:00,7.511148272,1.0,11.0110089188
2015-11-19 18:00:00,0.0,0.0,0.0
2013-12-26 04:00:00,11.23188406,1.0,18.6266722403
2015-12-11 08:00:00,0.0,0.0,0.0
2014-02-01 06:00:00,10.22157191,1.0,10.806856188
2015-03-26 04:00:00,9.155518395,1.0,9.9358974371
2015-01-29 06:00:00,0.2090301,1.0,1.5161649943
2014-01-31 00:00:00,0.00696767,1.0,0.8535395763
2015-02-02 14:00:00,0.0,0.0,0.0
2014-07-26 22:00:00,0.515607581,1.0,2.3209308807
2014-04-02 22:00:00,6.939799331,1.0,9.7157190638
2015-03-03 20:00:00,0.0,0.0,0.0
2015-10-04 20:00:00,0.0,0.0,0.0
2015-12-19 12:00:00,0.0,0.0,0.0
2014-04-12 02:00:00,0.0,0.0,0.0
2014-07-01 08:00:00,0.0,0.0,0.0
2015-10-16 02:00:00,0.0,0.0,0.0
2015-11-01 08:00:00,11.99832776,1.0,10.9643255306
2015-09-28 02:00:00,0.0,0.0,0.0
2015-03-31 14:00:00,0.0,0.0,0.0
2015-09-13 08:00:00,0.0,0.0,0.0
2013-12-31 20:00:00,0.0,0.0,0.0
2015-01-15 04:00:00,0.0,0.0,0.0
2015-03-26 14:00:00,0.0,0.0,0.0
2014-12-18 16:00:00,0.0,0.0,0.0
2014-06-04 00:00:00,0.0,0.0,0.0
2013-12-12 14:00:00,0.0,0.0,0.0
2015-09-01 08:00:00,0.0,0.0,0.0
2014-01-15 22:00:00,0.0,0.0,0.0
2014-04-18 08:00:00,3.490802676,1.0,9.0349777033
2014-06-17 18:00:00,10.41666667,1.0,4.5673076922
2014-04-02 10:00:00,7.113991081,1.0,15.0891861763
2015-03-07 00:00:00,0.0,0.0,0.0
2013-12-13 06:00:00,0.0,0.0,0.0
2015-12-03 16:00:00,0.0,0.0,0.0
2015-11-07 10:00:00,0.0,0.0,0.0
2014-04-18 00:00:00,12.44425864,1.0,13.7646321073
2014-07-21 12:00:00,0.0,0.0,0.0
2014-08-25 02:00:00,0.0,0.0,0.0
2014-04-23 02:00:00,0.0,0.0,0.1753216427
2015-08-18 04:00:00,1.261148272,1.0,9.1123188409
2015-08-13 10:00:00,0.0,0.0,0.0
2014-06-26 12:00:00,0.0,0.0,0.0
2015-03-24 20:00:00,9.942865106,1.0,7.4853678933
2015-02-01 10:00:00,12.80657748,1.0,8.8830824971
2015-11-08 00:00:00,0.0,0.0,0.0
2015-01-28 14:00:00,0.0,0.0,0.0
2013-12-13 08:00:00,0.0,0.0,0.0
2015-10-24 00:00:00,0.0,0.0,2.1080685618
2015-02-19 08:00:00,0.0,0.0,0.0327480491
2015-08-22 10:00:00,0.0,0.0,0.0
2014-09-13 18:00:00,0.0,0.0,0.0
2015-03-08 00:00:00,0.0,0.0,0.0
2015-02-13 14:00:00,0.438963211,1.0,1.6408862876
2013-12-31 18:00:00,0.0,0.0,0.0
2014-02-11 04:00:00,0.00696767,0.0,0.0
2015-09-26 04:00:00,0.0,0.0,0.0
2014-12-21 06:00:00,0.0,0.0,0.0
2014-05-13 18:00:00,0.0,0.0,0.0
2014-02-08 14:00:00,0.0,0.0,0.0
2014-07-27 00:00:00,0.0,0.0,0.010451505
2015-11-03 00:00:00,5.706521739,1.0,6.4924749172
2015-02-15 18:00:00,10.08221851,1.0,2.5661928652
2014-01-28 02:00:00,0.0,0.0,0.0
2015-02-05 12:00:00,0.0,0.0,0.0668896321
2015-08-12 14:00:00,0.0,0.0,0.0
2013-12-20 12:00:00,0.0,1.0,2.6484113715
2015-03-04 00:00:00,0.0,0.0,0.0
2014-04-19 00:00:00,7.364827202,0.0,0.0452898551
2015-09-24 12:00:00,0.0,0.0,0.0
2015-10-21 08:00:00,0.0,0.0,0.0104527787971
2014-10-04 18:00:00,0.0,0.0,0.0
2014-03-13 02:00:00,5.274526198,1.0,4.1882664436
2014-09-06 20:00:00,0.0,0.0,0.0
2015-08-19 22:00:00,0.0,0.0,0.0
2015-08-16 00:00:00,0.0,0.0,0.0
2014-10-04 20:00:00,0.0,0.0,0.0
2015-09-07 06:00:00,0.0,0.0,0.0
2014-12-25 20:00:00,0.0,0.0,0.0
2014-02-02 04:00:00,17.64214047,1.0,13.327062429
2014-09-11 08:00:00,0.04180602,0.0,0.0
2015-08-13 06:00:00,0.0,0.0,0.0
2015-10-30 22:00:00,0.425027871,0.0,0.0
2015-11-08 20:00:00,0.0,0.0,0.0
2015-11-18 14:00:00,0.0,0.0,0.0
2015-11-30 16:00:00,0.0,0.0,0.0
2013-12-03 20:00:00,0.0,0.0,0.0
2014-01-12 10:00:00,0.0,0.0,0.0
2014-03-28 18:00:00,1.630434783,1.0,3.5193701226
2014-08-26 02:00:00,0.0,0.0,0.0
2014-04-19 08:00:00,0.0,0.0,0.0
2014-01-01 16:00:00,0.0,0.0,0.0
2014-12-19 18:00:00,0.0,0.0,0.0
2014-02-20 00:00:00,0.0,1.0,0.0508639911
2015-02-24 16:00:00,0.0,0.0,0.0
2014-04-07 14:00:00,0.0,0.0,0.0
2015-10-24 12:00:00,0.0,0.0,0.0
2014-06-21 16:00:00,0.0,0.0,0.0
2015-03-29 08:00:00,0.0,0.0,0.0
2014-12-18 00:00:00,0.0,0.0,0.0
2013-12-30 16:00:00,0.0,0.0,0.0
2015-02-15 12:00:00,0.0,0.0,0.0
2014-04-29 12:00:00,0.0,0.0,0.0
2014-05-07 14:00:00,0.0,0.0,0.0
2014-05-22 12:00:00,0.0,0.0,0.0
2015-01-17 16:00:00,0.0,0.0,0.6222129319
2014-06-06 08:00:00,0.0,0.0,0.0
2015-03-09 04:00:00,0.0,0.0,0.0
2015-08-30 12:00:00,0.0,0.0,0.0
2014-07-07 04:00:00,11.68478261,1.0,11.5189520628
2013-12-06 02:00:00,0.0,0.0,0.0
2015-02-25 04:00:00,0.0,0.0,0.0
2014-09-24 12:00:00,0.0,0.0,0.0
2014-12-06 08:00:00,0.0,0.0,0.0
2015-11-10 14:00:00,0.0,0.0,0.0
2015-01-29 18:00:00,3.978539576,1.0,0.620819398
2014-06-19 20:00:00,5.023690078,1.0,9.2892976593
2014-07-07 06:00:00,11.56633222,1.0,13.2183667773
2014-12-03 06:00:00,13.16192865,1.0,15.278010032
2015-11-08 22:00:00,0.0,0.0,0.0
2013-12-27 08:00:00,0.0,0.0,0.0
2015-10-22 22:00:00,0.0,0.0,0.016025641
2014-06-22 14:00:00,0.0,0.0,0.0
2015-11-28 04:00:00,0.0,0.0,0.0
2015-09-23 04:00:00,0.0,0.0,0.0
2015-12-13 18:00:00,0.0,0.0,0.0
2013-12-05 02:00:00,0.0,0.0,0.0
2015-01-17 06:00:00,0.0,0.0,0.1985785953
2014-01-12 08:00:00,0.0,0.0,0.0
2014-01-07 10:00:00,0.0,0.0,0.0
2015-03-23 08:00:00,1.797658863,1.0,1.4889910815
2015-11-21 00:00:00,0.0,0.0,0.0
2014-04-01 22:00:00,0.0,0.0,0.0
2015-01-05 18:00:00,0.0,0.0,0.0
2015-09-21 04:00:00,0.0,0.0,0.0
2014-08-20 20:00:00,0.0,0.0,0.0
2014-08-22 06:00:00,0.0,0.0,0.0
2014-09-28 16:00:00,0.0,0.0,0.0
2015-09-20 08:00:00,0.0,0.0,0.0
2015-09-21 08:00:00,0.0,0.0,0.0
2015-02-01 04:00:00,10.65356745,1.0,12.6700111475
2014-01-27 14:00:00,0.0,0.0,0.0
2015-03-29 18:00:00,0.0,0.0,0.0
2015-09-27 10:00:00,0.02787068,0.0,0.0522575251
2015-09-06 10:00:00,0.0,0.0,0.0
2014-10-30 06:00:00,0.0,0.0,0.0
2014-12-03 08:00:00,19.0287068,1.0,15.5915551821
2015-01-25 12:00:00,0.0,0.0,0.0
2015-02-24 22:00:00,0.0,0.0,0.0
2014-08-29 02:00:00,0.0,0.0,0.0
2014-07-15 12:00:00,0.0,0.0,0.0
2015-11-06 08:00:00,0.0,0.0,0.0
2015-03-15 06:00:00,0.0,0.0,0.0
2013-12-03 16:00:00,0.0,0.0,0.0536510591
2014-03-28 20:00:00,3.023968785,1.0,3.7841415829
2014-09-17 00:00:00,0.0,0.0,0.0
2015-02-11 02:00:00,0.0,0.0,0.0
2015-12-21 18:00:00,0.0,0.0,0.0
2014-05-15 04:00:00,0.0,0.0,0.0
2013-12-23 22:00:00,0.0,0.0,0.0
2014-06-17 14:00:00,12.9877369,1.0,10.5232720183
2014-10-21 04:00:00,0.0,0.0,0.0
2015-01-13 16:00:00,0.08361204,0.0,0.0
2014-04-12 04:00:00,0.0,0.0,0.0
2015-01-26 00:00:00,0.0,0.0,0.0
2015-08-18 20:00:00,0.0,0.0,1.6826923078
2014-10-17 20:00:00,0.0,0.0,0.0
2015-09-30 00:00:00,0.0,0.0,0.0
2014-03-31 14:00:00,0.0,0.0,0.0
2014-04-20 22:00:00,2.494425864,1.0,1.6478539577
2015-02-20 04:00:00,0.0,0.0,0.0320512821
2014-10-29 22:00:00,0.0,0.0,0.0
2015-01-16 12:00:00,0.0,0.0,0.0
2015-12-10 14:00:00,0.0,0.0,0.0
2015-02-03 12:00:00,0.0,0.0,0.0
2014-06-18 14:00:00,0.0,0.0,0.0
2014-08-29 22:00:00,0.0,0.0,0.0
2015-12-21 10:00:00,0.0,0.0,0.0
2015-03-06 00:00:00,0.0,0.0,0.0
2014-10-25 22:00:00,0.0,0.0,0.0
2014-06-07 00:00:00,0.0,0.0,0.0
2014-05-14 18:00:00,0.0,0.0,0.0
2013-12-22 08:00:00,0.0,0.0,0.0
2014-02-07 14:00:00,0.04877369,0.0,0.0
2014-12-25 14:00:00,0.0,0.0,0.0
2015-03-31 16:00:00,0.0,0.0,0.0
2014-03-09 06:00:00,0.0,0.0,0.0
2015-01-07 16:00:00,0.0,0.0,0.0
2015-01-30 10:00:00,0.0,0.0,0.0
2014-04-10 00:00:00,0.0,0.0,0.0
2015-08-05 08:00:00,0.0,0.0,0.0
2014-05-02 04:00:00,0.0,0.0,0.0
2015-08-14 18:00:00,0.0,0.0,0.0
2014-06-01 22:00:00,0.02090301,1.0,1.3538182831
2014-02-06 00:00:00,0.0,0.0,0.0
2015-12-03 22:00:00,0.0,0.0,0.0
2015-03-31 12:00:00,0.0,0.0,0.0
2014-06-25 22:00:00,22.909699,1.0,21.3872630986
2015-01-09 08:00:00,0.00696767,0.0,1.1193561873
2014-05-13 08:00:00,0.0,0.0,0.0
2015-09-28 22:00:00,0.0,0.0,0.0
2014-09-10 08:00:00,0.0,0.0,0.0
2013-12-13 20:00:00,0.0,0.0,0.0
2014-04-06 22:00:00,0.0,0.0,0.0
2014-04-28 10:00:00,0.0,0.0,0.0
2013-12-07 16:00:00,0.0,0.0,0.0
2013-12-30 12:00:00,0.0,0.0,0.0
2014-07-06 20:00:00,5.804069119,1.0,3.2343924196
2013-11-28 22:00:00,0.0,0.0,0.0
2014-01-20 06:00:00,8.897714604,1.0,7.4581939795
2015-01-30 20:00:00,13.51031215,1.0,9.8710981055
2014-07-10 14:00:00,0.0,0.0,0.0
2014-10-09 16:00:00,0.0,0.0,0.0
2015-01-29 22:00:00,5.337235229,1.0,5.8653846154
2015-02-25 20:00:00,0.0,0.0,0.0
2014-10-15 12:00:00,0.02090301,0.0,0.0
2014-10-05 16:00:00,1.630434783,0.0,0.0599219621
2015-02-14 08:00:00,0.0,0.0,0.0
2013-12-23 02:00:00,0.0,0.0,0.0
2014-10-14 06:00:00,14.05379041,1.0,18.364687849
2015-01-11 12:00:00,0.0,0.0,0.0
2014-06-30 16:00:00,0.0,0.0,0.0
2014-05-07 08:00:00,0.0,0.0,0.0
2015-10-11 18:00:00,0.0,1.0,0.0815217391
2014-04-27 02:00:00,0.0,0.0,0.0
2014-05-12 18:00:00,0.0,0.0,0.0
2015-08-12 10:00:00,0.0,0.0,0.0
2015-10-15 12:00:00,0.0,0.0,0.0
2014-09-15 12:00:00,0.0,0.0,0.0
2014-08-22 00:00:00,0.0,0.0,0.0
2014-10-17 00:00:00,0.0,0.0,0.0
2014-04-28 16:00:00,0.0,0.0,0.0
2013-12-22 14:00:00,0.0,0.0,0.0
2015-08-12 22:00:00,0.01393534,0.0,0.0522575251
2014-04-10 04:00:00,0.0,0.0,0.0
2014-06-09 16:00:00,0.0,0.0,0.0
2014-04-27 04:00:00,0.0,0.0,0.0
2014-09-17 20:00:00,0.369286511,0.0,0.0
2014-06-10 14:00:00,0.362318841,0.0,0.063405797
2013-12-05 20:00:00,0.0,0.0,0.0
2014-02-03 18:00:00,5.441750279,1.0,2.1711259754
2014-04-18 12:00:00,0.0,0.0,0.0
2014-02-03 00:00:00,8.493589744,1.0,9.0503065784
2014-07-08 10:00:00,0.0,0.0,0.0
2014-02-09 10:00:00,0.0,0.0,0.0
2014-06-24 02:00:00,9.085841695,1.0,7.063823857
2014-12-05 20:00:00,1.079988852,1.0,1.932831661
2015-02-12 02:00:00,0.0,0.0,0.0822185061
2014-03-20 08:00:00,0.404124861,1.0,0.669593088
2014-06-27 18:00:00,0.0,0.0,0.0
2014-12-02 18:00:00,12.95986622,1.0,4.4509476031
2015-01-09 12:00:00,0.0,0.0,2.3641304347
2014-02-08 22:00:00,0.0,0.0,0.0
2014-06-10 08:00:00,2.745261984,1.0,7.0289855075
2014-10-18 22:00:00,0.0,0.0,0.0
2015-12-08 20:00:00,0.0,0.0,0.0
2014-01-09 06:00:00,0.0,0.0,0.0
2014-05-11 16:00:00,0.0,0.0,0.0
2015-02-11 04:00:00,0.0,0.0,0.0
2014-08-25 20:00:00,0.0,0.0,0.0
2015-03-12 20:00:00,0.0,0.0,0.0
2014-04-23 16:00:00,0.0,0.0,0.0
2013-12-30 04:00:00,0.0,0.0,0.0
2014-01-13 12:00:00,0.0,0.0,0.0
2014-02-21 18:00:00,0.0,0.0,0.0
2014-10-02 06:00:00,0.0,0.0,0.0
2015-10-11 22:00:00,2.668617614,1.0,1.9432831661
2013-12-02 00:00:00,1.066053512,1.0,2.9445373466
2013-12-03 10:00:00,0.0,0.0,0.012541806
2015-12-22 18:00:00,0.0,0.0,0.0
2014-01-07 22:00:00,0.0,0.0,0.0
2014-10-03 00:00:00,0.0,0.0,0.0
2014-01-28 22:00:00,9.796544036,1.0,9.1617892982
2015-02-04 18:00:00,1.971850613,1.0,2.4045429208
2014-10-15 02:00:00,14.31856187,1.0,15.4041248611
2014-03-03 08:00:00,1.769788183,1.0,7.0039018951
2014-04-17 06:00:00,0.0,0.0,0.0118490172589
2015-03-13 16:00:00,0.0,0.0,0.0
2015-01-14 22:00:00,0.0,0.0,0.0
2015-09-11 04:00:00,0.0,0.0,0.0
2014-06-09 10:00:00,0.0,0.0,0.0
2014-12-17 02:00:00,0.0,0.0,0.0
2014-04-25 10:00:00,0.0,0.0,0.0
2014-07-31 06:00:00,0.0,0.0,0.0
2014-02-23 16:00:00,0.0,0.0,0.0
2014-07-18 12:00:00,0.0,0.0,0.0
2014-04-24 18:00:00,0.0,0.0,0.0
2014-06-09 14:00:00,0.0,0.0,0.0
2015-11-28 22:00:00,0.0,0.0,0.0
2015-01-16 22:00:00,12.52090301,1.0,9.6077201784
2014-05-16 18:00:00,0.0,0.0,0.0
2015-02-01 20:00:00,0.0,0.0,0.014632107
2015-10-17 22:00:00,0.0,0.0,0.016025641
2015-01-25 06:00:00,0.0,0.0,0.0
2015-10-11 00:00:00,14.1722408,1.0,8.2107023415
2015-12-22 22:00:00,0.0,0.0,0.0
2015-10-11 04:00:00,3.065774805,1.0,7.6721014496
2014-05-12 08:00:00,0.0,0.0,0.0
2015-08-12 08:00:00,0.0,0.0,0.0
2014-02-04 10:00:00,0.0,0.0,0.0
2014-02-07 16:00:00,0.480769231,1.0,0.1916109253
2014-08-02 02:00:00,26.21237458,1.0,15.206939799
2014-07-06 02:00:00,0.0,0.0,0.0
2014-01-19 12:00:00,18.5409699,1.0,16.803233
2014-04-24 20:00:00,0.0,0.0,0.0
2015-08-24 16:00:00,0.0,0.0,0.0
2015-03-16 04:00:00,0.0,0.0,0.0
2014-04-02 20:00:00,6.695930881,1.0,5.1170568565
2015-10-30 02:00:00,0.0,0.0,0.0
2015-10-24 14:00:00,0.0,0.0,0.0
2015-11-10 22:00:00,0.0,0.0,0.0
2015-01-31 08:00:00,0.19509476,0.0,0.0466833891
2014-12-24 10:00:00,0.0,0.0,0.0
2014-01-20 02:00:00,15.28010033,1.0,12.2073578584
2015-03-30 06:00:00,0.0,0.0,0.0
2015-12-15 08:00:00,0.0,0.0,0.0
2014-12-04 20:00:00,5.037625418,1.0,6.6722408035
2015-01-28 16:00:00,0.0,0.0,0.0362344543917
2015-08-31 06:00:00,0.0,0.0,0.0
2015-12-20 10:00:00,0.0,0.0,0.0
2014-10-03 16:00:00,0.0,0.0,0.0
2015-02-25 00:00:00,0.0,0.0,0.0
2015-12-18 20:00:00,0.0,0.0,0.0
2015-12-22 14:00:00,0.0,0.0,0.0
2013-12-05 10:00:00,0.0,0.0,0.0
2015-02-18 22:00:00,0.362318841,1.0,2.9083054626
2014-07-10 22:00:00,0.0,0.0,0.0
2014-12-21 00:00:00,0.0,0.0,0.0
2014-04-19 02:00:00,16.44370123,1.0,8.3632943149
2014-04-19 06:00:00,0.0,0.0,0.0
2015-12-20 02:00:00,0.0,0.0,0.0
2015-11-29 16:00:00,0.0,0.0,0.0
2014-12-28 06:00:00,0.0,0.0,0.0
2014-08-09 20:00:00,0.0,0.0,0.0
2015-03-18 04:00:00,5.156075808,1.0,4.1234671126
2015-01-08 08:00:00,0.0,0.0,0.0
2015-10-29 18:00:00,0.0,0.0,0.0
2014-08-23 16:00:00,0.0,0.0,0.0
2014-06-18 06:00:00,17.5654961,1.0,7.7849777024
2015-09-04 16:00:00,0.0,0.0,0.0
2014-09-09 18:00:00,0.0,0.0,0.0
2014-04-10 12:00:00,0.0,0.0,0.0
2015-11-09 14:00:00,0.0,0.0,0.0
2013-11-30 04:00:00,0.0,0.0,0.0
2015-10-16 10:00:00,0.0,0.0,0.0
2015-08-14 16:00:00,0.0,0.0,0.0
2014-09-09 12:00:00,0.0,0.0,0.0
2014-10-08 04:00:00,0.0,0.0,0.0
2014-01-31 02:00:00,0.0,1.0,0.650083612
2014-07-14 04:00:00,0.0,0.0,0.0
2015-08-30 16:00:00,0.0,0.0,0.0
2014-06-03 02:00:00,0.0,0.0,0.0
2015-01-23 12:00:00,0.0,0.0,0.0
2014-02-10 14:00:00,0.0,1.0,3.4392419175
2015-01-08 02:00:00,0.0,0.0,0.2884615386
2014-01-16 08:00:00,0.0,0.0,0.0
2014-06-17 20:00:00,14.4509476,1.0,7.5759476033
2014-02-09 00:00:00,0.0,1.0,0.4779821627
2015-12-03 10:00:00,0.0,0.0,0.0
2015-11-05 06:00:00,0.0,0.0,0.0
2015-10-13 06:00:00,7.525083612,1.0,8.0664715722
2015-03-26 00:00:00,4.967948718,1.0,2.4047962907
2014-05-13 06:00:00,0.0,0.0,0.0
2014-04-26 06:00:00,0.0,0.0,0.0
2015-10-21 06:00:00,0.0,0.0,0.0
2014-05-02 10:00:00,0.0,0.0,0.0
2014-12-06 18:00:00,0.04877369,0.0,0.7225473802
2014-04-03 18:00:00,0.02090301,1.0,0.1421404681
2015-10-24 20:00:00,0.0,0.0,0.0
2014-10-24 08:00:00,0.0,0.0,0.0
2014-06-08 00:00:00,0.0,0.0,0.0
2014-04-22 12:00:00,0.0,0.0,0.0
2015-01-09 22:00:00,0.00696767,1.0,0.0
2014-09-17 12:00:00,0.0,0.0,0.0
2014-10-07 14:00:00,0.0,0.0,0.0
2013-12-25 18:00:00,1.651337793,0.0,0.6445094759
2015-12-21 02:00:00,0.0,0.0,0.0
2014-01-18 12:00:00,6.681995541,1.0,6.251393534
2014-10-08 06:00:00,0.0,0.0,0.0
2015-11-09 12:00:00,0.0,0.0,0.0
2014-09-30 14:00:00,0.0,0.0,0.0
2014-02-25 02:00:00,0.0,0.0,0.4466276477
2014-04-21 02:00:00,3.051839465,1.0,8.733277593
2014-05-21 04:00:00,0.320512821,1.0,1.302954292
2015-10-23 10:00:00,1.741917503,1.0,1.7513238574
2015-03-10 14:00:00,0.0,0.0,0.0
2015-09-14 14:00:00,0.0,0.0,0.0
2015-10-03 10:00:00,0.0,0.0,0.0
2014-03-13 04:00:00,2.759197324,1.0,4.1868729097
2014-10-24 02:00:00,0.0,0.0,0.0
2015-03-05 20:00:00,0.0,0.0,0.0
2015-02-02 02:00:00,0.0,0.0,0.0
2015-03-11 18:00:00,0.0,0.0,0.0
2014-02-20 12:00:00,0.00696767,0.0,0.0
2014-10-08 10:00:00,0.0,0.0,0.0
2015-02-02 04:00:00,0.0,0.0,0.0
2015-12-10 02:00:00,0.0,0.0,0.0
2015-01-05 02:00:00,0.0,0.0,0.0
2015-02-24 00:00:00,0.0,0.0,0.0
2015-03-17 22:00:00,3.985507246,1.0,5.5163043478
2014-07-29 08:00:00,0.0,0.0,0.0
2015-10-12 04:00:00,9.392419175,1.0,7.805183947
2013-12-05 14:00:00,0.0,0.0,0.0
2014-03-08 12:00:00,0.0,0.0,0.0250846823026
2014-08-10 00:00:00,0.0,0.0,0.0
2014-08-17 14:00:00,0.0,0.0,0.0
2015-08-21 14:00:00,0.0,0.0,0.0
2015-02-16 14:00:00,0.00696767,0.0,0.669593088
2014-06-04 08:00:00,0.0,0.0,0.0
2015-12-13 22:00:00,0.0,0.0,0.0
2014-05-21 02:00:00,4.194537347,1.0,6.0075250836
2014-05-17 02:00:00,0.0,0.0,0.0
2015-10-09 22:00:00,3.734671126,1.0,2.7438684505
2015-11-09 18:00:00,0.0,0.0,0.0
2013-12-02 20:00:00,0.0,0.0,0.0
2015-10-31 14:00:00,0.0,0.0,0.0
2014-12-08 14:00:00,0.0,0.0,0.0
2014-09-27 12:00:00,0.0,0.0,0.0
2015-09-22 02:00:00,0.0,0.0,0.0
2014-06-17 08:00:00,21.96906355,1.0,12.6505016726
2014-10-26 08:00:00,0.0,0.0,0.0808257040981
2015-02-05 16:00:00,0.0,0.0,0.1073021181
2015-03-14 08:00:00,0.877926421,1.0,7.858835006
2014-12-27 06:00:00,0.0,0.0,0.0
2014-08-07 22:00:00,0.0,0.0,0.0
2014-04-26 02:00:00,0.0,0.0,0.0
2014-10-22 06:00:00,0.0,0.0,0.0
2015-10-15 02:00:00,3.741638796,1.0,6.4471850622
2014-03-01 04:00:00,0.0,0.0,0.0
2014-12-18 02:00:00,0.0,0.0,0.0
2015-03-24 04:00:00,10.409699,1.0,11.5440356745
2014-01-20 16:00:00,0.846571906,1.0,1.8157748048
2014-01-18 20:00:00,6.647157191,1.0,8.9032887411
2014-04-04 00:00:00,13.07134894,1.0,12.6463210706
2013-12-31 14:00:00,0.0,0.0,0.0
2014-04-18 16:00:00,0.04877369,0.0,0.0
2014-09-27 00:00:00,0.0,0.0,0.0
2014-08-27 18:00:00,0.0,0.0,0.0
2015-10-18 22:00:00,0.0,0.0,0.0341415831
2013-12-07 18:00:00,0.0,0.0,0.0
2015-02-11 12:00:00,0.0,0.0,0.0
2014-12-15 22:00:00,11.90774805,1.0,12.0178372358
2014-10-22 14:00:00,0.0,0.0,0.0
2014-03-18 20:00:00,0.0,0.0,0.0
2015-12-14 12:00:00,0.0,0.0,0.0
2014-04-11 04:00:00,0.0,0.0,0.0
2013-12-05 18:00:00,0.0,0.0,0.0
2014-02-25 16:00:00,0.0,0.0,0.0
2014-06-22 02:00:00,1.414437012,0.0,2.9494147156
2014-09-13 14:00:00,0.0,0.0,0.0
2015-02-01 00:00:00,17.06382386,1.0,17.784977702
2015-03-06 20:00:00,0.0,0.0,0.0
2015-11-29 04:00:00,0.0,0.0,0.0
2014-01-15 14:00:00,0.0,0.0,0.0
2015-10-23 00:00:00,0.0,0.0,0.0
2014-02-16 14:00:00,4.417502787,1.0,4.5575529546
2015-08-18 06:00:00,0.03483835,1.0,2.6707079153
2014-05-08 00:00:00,0.0,0.0,0.0
2015-08-19 06:00:00,0.0,0.0,0.0
2014-10-01 04:00:00,0.0,0.0,0.0
2015-11-28 08:00:00,0.0,0.0,0.0
2014-02-23 18:00:00,0.0,0.0,0.0
2015-09-21 10:00:00,0.0,0.0,0.0
2014-04-05 02:00:00,0.0,0.0,0.0
2014-06-04 18:00:00,0.0,0.0,0.0
2015-12-12 18:00:00,0.0,0.0,0.0195135409254
2015-03-05 02:00:00,0.0,0.0,0.0
2015-09-08 08:00:00,0.0,0.0,0.0
2015-03-29 10:00:00,0.0,0.0,0.0
2014-07-28 22:00:00,0.0,0.0,0.0
2014-05-11 08:00:00,0.0,0.0,0.0
2014-02-11 20:00:00,0.0,0.0,0.0
2014-01-31 10:00:00,0.00696767,1.0,4.7575250836
2015-01-31 10:00:00,10.62569677,1.0,2.5411092531
2014-09-17 08:00:00,0.0,0.0,0.0
2014-03-15 04:00:00,0.0,0.0,0.0
2014-12-08 04:00:00,0.0,0.0,0.0
2015-08-24 08:00:00,0.0,0.0,0.0
2015-03-11 12:00:00,0.0,0.0,0.0
2014-08-06 14:00:00,0.0,0.0,0.0
2014-09-16 08:00:00,0.0,0.0,0.0
2015-12-02 04:00:00,0.0,0.0,0.0
2014-02-28 00:00:00,0.0,0.0,0.0
2015-12-18 18:00:00,0.0,0.0,0.0
2015-09-30 04:00:00,0.0,0.0,0.0
2015-08-13 20:00:00,0.0,0.0,0.0
2014-10-31 12:00:00,0.0,0.0,0.0
2015-09-03 18:00:00,0.0,0.0,0.0
2015-11-04 00:00:00,0.0,0.0,0.0
2014-03-09 22:00:00,0.0,0.0,0.012541806
2013-12-02 14:00:00,0.0,0.0,0.0
2015-10-20 20:00:00,0.0,0.0,0.0
2014-06-21 18:00:00,0.0,0.0,0.0438963211
2015-11-21 20:00:00,4.703177258,1.0,3.9666945373
2014-08-25 10:00:00,0.0,0.0,0.0
2014-07-31 16:00:00,0.0,0.0,0.0
2015-12-03 04:00:00,0.0,0.0,0.0
2014-01-08 16:00:00,0.0,0.0,0.0125428763026
2014-07-31 10:00:00,0.0,0.0,0.0
2015-02-26 10:00:00,0.0,0.0,0.0
2015-03-25 08:00:00,13.14102564,1.0,13.062987737
2014-03-29 18:00:00,2.835841695,1.0,4.5045986624
2014-05-28 10:00:00,0.0,0.0,0.0
2014-05-15 14:00:00,0.0,0.0,0.0
2015-09-08 18:00:00,0.0,0.0,0.0
2014-08-06 18:00:00,0.0,0.0,0.0
2015-12-11 00:00:00,0.0,0.0,0.0
2014-10-19 12:00:00,0.0,0.0,0.0
2014-04-24 14:00:00,0.0,0.0,0.0
2014-02-23 12:00:00,0.0,0.0,0.0
2014-08-17 16:00:00,0.0,0.0,0.0
2015-01-25 22:00:00,0.0,0.0,0.0
2015-11-08 16:00:00,0.0,0.0,0.0
2015-03-14 04:00:00,3.281772575,1.0,5.59016165
2015-09-29 10:00:00,0.0,0.0,0.0
2013-12-30 08:00:00,0.0,0.0,0.0
2014-01-17 20:00:00,4.013377926,1.0,7.7640746929
2015-11-28 06:00:00,0.0,0.0,0.0
2015-09-20 12:00:00,0.0,0.0,0.0
2014-09-04 12:00:00,0.0,0.0,0.0
2015-10-14 18:00:00,0.654960981,0.0,1.7251950946
2014-03-28 08:00:00,2.403846154,1.0,1.429069119
2015-01-25 08:00:00,0.0,0.0,0.0
2015-11-11 22:00:00,0.0,0.0,0.0
2015-10-31 22:00:00,13.74024526,1.0,24.434225197
2015-01-15 00:00:00,0.0,0.0,0.0
2015-11-22 22:00:00,5.608974359,1.0,2.6428372355
2015-08-20 12:00:00,0.0,0.0,0.0
2014-03-13 12:00:00,0.0,0.0,0.0
2014-02-23 02:00:00,0.0,0.0,0.0
2014-04-07 02:00:00,0.0,0.0,0.0
2015-10-31 02:00:00,5.260590858,1.0,1.2994704571
2013-12-11 04:00:00,0.0,0.0,0.0
2014-08-16 18:00:00,0.0,0.0,0.0
2015-08-05 02:00:00,0.0,0.0,0.0
2013-12-10 12:00:00,0.0,0.0,0.0
2015-01-24 08:00:00,0.0,0.0,0.0
2015-08-31 14:00:00,0.0,0.0,0.0
2013-11-29 06:00:00,0.0,0.0,0.0
2014-08-15 20:00:00,0.0,0.0,0.0
2014-12-14 14:00:00,0.0,1.0,0.0
2014-08-05 12:00:00,0.0,0.0,0.0
2014-01-30 02:00:00,7.225473802,1.0,4.5366499447
2014-02-18 12:00:00,1.999721293,1.0,4.8857302121
2015-08-11 20:00:00,0.0,0.0,0.0
2015-12-03 08:00:00,0.0,0.0,0.0
2014-08-20 22:00:00,0.0,0.0,0.0
2015-02-05 10:00:00,0.0,0.0,0.1316889632
2013-12-08 22:00:00,0.0,0.0,0.0
2014-07-07 20:00:00,19.67670011,1.0,14.9226588616
2014-07-06 08:00:00,0.0,0.0,0.0
2014-11-01 04:00:00,0.0,0.0,0.0
2014-01-13 16:00:00,0.0,0.0,0.0
2014-07-08 14:00:00,0.0,0.0,0.0
2014-08-06 02:00:00,0.0,0.0,0.0
2014-03-30 02:00:00,6.814381271,1.0,5.2745261982
2015-08-22 12:00:00,0.0,0.0,0.0
2014-03-10 18:00:00,0.0,0.0,0.580406912
2013-12-26 08:00:00,9.336677815,1.0,9.2412207366
2015-09-06 16:00:00,0.0,0.0,0.0
2014-07-29 04:00:00,0.0,0.0,0.0
2014-04-07 12:00:00,0.0,0.0,0.0
2015-02-05 20:00:00,3.442028986,1.0,2.9124860645
2015-02-04 16:00:00,0.00696767,1.0,3.7925027871
2014-12-25 00:00:00,0.0,0.0,0.0
2014-03-11 16:00:00,0.0,0.0,0.0
2013-12-10 14:00:00,0.0,0.0,0.0
2015-01-27 16:00:00,0.0,0.0,0.0
2015-12-12 08:00:00,0.0,0.0,0.0
2015-09-02 20:00:00,0.0,0.0,0.0
2015-09-19 10:00:00,0.0,0.0,0.0
2015-11-04 16:00:00,0.02787068,1.0,0.3058807135
2015-11-27 20:00:00,0.0,0.0,0.0
2013-12-06 04:00:00,0.0,0.0,0.0
2013-11-28 10:00:00,0.0696767,0.0,0.0
2014-01-07 16:00:00,0.0,0.0,0.0
2015-09-24 02:00:00,0.0,0.0,0.0
2014-04-22 14:00:00,0.0,0.0,0.0
2015-01-29 08:00:00,0.0,0.0,0.011148272
2015-10-23 14:00:00,0.03483835,1.0,1.2040133779
2015-10-21 04:00:00,0.0,0.0,0.0
2014-08-20 02:00:00,0.0,0.0,0.0
2014-08-10 18:00:00,0.0,0.0,0.0
2015-02-21 08:00:00,0.02090301,1.0,2.3906075807
2015-09-10 22:00:00,0.0,0.0,0.0
2014-03-15 16:00:00,0.0,0.0,0.0
2014-05-27 20:00:00,7.134894091,1.0,4.7303511709
2015-10-11 08:00:00,0.0,1.0,0.3253901895
2014-10-06 14:00:00,0.00696767,0.0,0.0222977299864
2015-03-04 16:00:00,0.0,0.0,0.0
2015-02-20 16:00:00,0.00696767,0.0,0.0
2015-03-11 16:00:00,0.0,0.0,0.0
2014-04-29 08:00:00,0.0,0.0,0.0
2015-03-18 00:00:00,6.48690078,1.0,5.3267837234
2014-09-08 10:00:00,0.0,0.0,0.0
2014-09-14 16:00:00,0.0,0.0,0.0
2014-08-20 18:00:00,0.0,0.0,0.0
2014-12-15 12:00:00,0.0696767,1.0,5.1574693423
2015-02-18 20:00:00,0.452898551,1.0,1.933528428
2015-09-20 16:00:00,0.0,0.0,0.0
2014-10-03 20:00:00,0.0,0.0,0.0
2014-12-17 00:00:00,0.0,0.0,0.0
2014-09-05 22:00:00,0.0,0.0,0.0
2013-12-08 12:00:00,0.0,0.0,0.0
2015-01-05 00:00:00,0.0,0.0,0.0
2014-05-09 00:00:00,0.0,0.0,0.0
2014-09-10 20:00:00,0.0,0.0,0.0
2013-12-20 22:00:00,0.0,0.0,1.5649386845
2014-09-29 10:00:00,0.04877369,1.0,0.7288182831
2015-09-05 18:00:00,0.0,0.0,0.0
2015-10-12 22:00:00,3.407190635,1.0,1.5649386844
2014-03-10 20:00:00,0.0,0.0,1.4701783724
2014-04-11 18:00:00,0.0,0.0,0.0
2014-10-03 04:00:00,0.0,0.0,0.0
2015-09-27 06:00:00,0.0,0.0,0.0
2013-12-07 14:00:00,0.0,0.0,0.0
2014-09-07 02:00:00,0.0,0.0,0.0
2014-08-24 12:00:00,0.0,0.0,0.0
2014-03-12 18:00:00,2.947324415,1.0,6.5719063551
2014-08-20 16:00:00,0.0,0.0,0.0
2014-02-26 14:00:00,0.0,0.0,0.0
2015-09-23 12:00:00,0.0,0.0,0.0
2015-10-19 12:00:00,0.0,0.0,0.0
2014-09-08 08:00:00,0.0,0.0,0.0
2014-02-23 06:00:00,0.0,0.0,0.0
2015-12-13 12:00:00,0.0,0.0,0.0
2014-02-28 02:00:00,0.0,0.0,0.0
2015-09-20 06:00:00,0.0,0.0,0.0
2014-02-08 06:00:00,0.0,0.0,0.0
2014-01-11 14:00:00,0.0,0.0,0.0
2015-08-04 20:00:00,0.0,0.0,0.0
2015-09-22 12:00:00,0.0,0.0,0.0
2014-03-28 12:00:00,7.490245262,1.0,12.1969063547
2015-02-15 16:00:00,0.411092531,0.0,0.0
2014-01-13 04:00:00,0.0,0.0,0.0
2014-05-08 08:00:00,0.0,0.0,0.0
2015-01-13 12:00:00,0.0,0.0,0.0
2015-03-26 06:00:00,5.253623188,1.0,6.1956521739
2014-04-12 12:00:00,0.0,0.0,0.0
2014-02-25 20:00:00,0.0,0.0,0.024386845
2014-06-27 00:00:00,0.0,0.0,0.0
2014-01-16 20:00:00,1.295986622,1.0,1.4151337793
2014-08-28 00:00:00,0.0,0.0,0.0
2015-02-02 20:00:00,0.0,0.0,0.0
2015-03-07 22:00:00,0.0,0.0,0.0
2014-03-03 20:00:00,1.135730212,1.0,1.7614269789
2014-01-08 20:00:00,0.0,0.0,0.0
2015-01-28 12:00:00,0.0,0.0,0.0
2014-04-22 06:00:00,12.47212932,1.0,12.4163879612
2014-12-08 08:00:00,0.0,0.0,0.0
2014-02-08 18:00:00,4.354793757,1.0,0.6556577481
2015-10-24 04:00:00,0.0,0.0,0.022993311
2015-03-26 12:00:00,0.0,0.0,0.0
2014-03-17 10:00:00,0.0,0.0,0.0
2015-03-31 08:00:00,0.0,0.0,0.0
2014-07-09 22:00:00,0.0,0.0,0.0
2015-11-11 14:00:00,0.0,0.0,0.0
2015-09-19 12:00:00,0.0,0.0,0.0
2014-07-15 02:00:00,0.0,0.0,0.0
2014-04-10 08:00:00,0.0,0.0,0.0
2015-11-04 02:00:00,0.0,0.0,0.0
2015-01-12 20:00:00,0.0,0.0,0.0
2015-03-08 02:00:00,0.0,0.0,0.0
2015-08-11 10:00:00,0.0,0.0,0.0
2014-02-10 12:00:00,0.0,1.0,0.0
2014-06-25 02:00:00,10.98104794,1.0,11.2493032329
2015-10-12 10:00:00,0.870958751,1.0,0.8786231885
2015-12-20 18:00:00,0.0,0.0,0.0
2014-08-23 14:00:00,0.0,0.0,0.0
2014-08-21 02:00:00,0.0,0.0,0.0
2015-01-17 22:00:00,1.679208473,1.0,0.9574212019
2014-03-03 12:00:00,0.0,0.0,0.0
2015-02-23 20:00:00,0.0,0.0,0.0
2014-04-29 14:00:00,0.0,0.0,0.0
2014-10-21 02:00:00,0.0,0.0,0.0
2015-02-26 20:00:00,0.0,0.0,0.0
2014-05-21 14:00:00,0.0,0.0,0.0
2014-08-07 20:00:00,0.0,0.0,0.0
2014-02-20 14:00:00,0.0,0.0,0.010451505
2015-12-12 16:00:00,0.0,0.0,0.0
2015-12-14 16:00:00,0.0,0.0,0.0
2015-01-27 02:00:00,0.0,0.0,0.0
2014-04-05 08:00:00,0.0,0.0,0.0
2014-07-17 16:00:00,0.0,0.0,0.0
2014-12-14 18:00:00,2.027591973,1.0,1.251393534
2014-08-24 04:00:00,0.0,0.0,0.0
2014-01-18 04:00:00,6.695930881,1.0,9.4732441475
2015-01-08 12:00:00,0.0,0.0,0.0
2015-02-21 20:00:00,13.94230769,1.0,12.4345039022
2014-01-19 00:00:00,6.22909699,1.0,9.0440356748
2014-02-11 18:00:00,0.0,0.0,0.0
2014-05-15 20:00:00,0.0,0.0,0.0
2014-12-05 00:00:00,4.891304348,1.0,2.9640468228
2014-12-22 00:00:00,0.0,0.0,0.0
2015-08-11 22:00:00,0.0,0.0,0.0
2015-12-10 06:00:00,0.0,0.0,0.0
2015-12-10 18:00:00,0.0,0.0,0.0
2015-09-12 02:00:00,0.0,0.0,0.0
2014-09-05 18:00:00,0.0,0.0,0.0
2014-09-29 12:00:00,0.0,0.0,0.0
2015-12-21 14:00:00,0.0,0.0,0.0
2014-07-16 14:00:00,0.0,0.0,0.0
2015-09-27 02:00:00,0.0,0.0,0.0
2015-08-23 06:00:00,0.0,0.0,0.0
2014-08-05 02:00:00,0.0,0.0,0.0
2014-08-22 02:00:00,0.0,0.0,0.0
2014-03-22 02:00:00,0.0,0.0,0.0
2014-04-25 14:00:00,0.0,0.0,0.0
2014-04-29 22:00:00,0.0,0.0,0.0
2015-12-18 16:00:00,0.0,0.0,0.0
2014-12-13 20:00:00,0.0,1.0,0.2097268674
2014-07-14 22:00:00,0.0,0.0,0.0
2014-08-29 14:00:00,0.0,0.0,0.0
2015-10-12 12:00:00,0.313545151,1.0,1.3691471572
2014-03-20 14:00:00,0.01393534,0.0,0.4201505016
2015-08-31 12:00:00,0.0,0.0,0.0
2014-01-29 06:00:00,6.675027871,1.0,5.4835562987
2014-02-25 04:00:00,0.0,1.0,1.5551839465
2014-08-04 04:00:00,0.0,0.0,0.0
2014-10-24 18:00:00,0.0,0.0,0.0
2015-03-11 10:00:00,0.0,0.0,0.0
2014-01-19 14:00:00,12.39548495,1.0,15.5149108133
2014-01-19 08:00:00,14.60423634,1.0,15.8430880725
2014-10-18 10:00:00,0.0,0.0,0.0
2014-06-22 18:00:00,0.0,0.0,0.0
2014-08-19 08:00:00,0.0,0.0,0.0
2015-02-02 06:00:00,0.0,0.0,0.0
2013-12-28 16:00:00,4.103957637,0.0,2.465858417
2014-05-12 00:00:00,0.0,0.0,0.0
2014-02-09 04:00:00,0.0,0.0,0.0
2015-03-03 16:00:00,0.0,0.0,0.0
2014-08-18 14:00:00,0.0,0.0,0.0
2014-07-07 08:00:00,4.542920847,1.0,10.4480211819
2014-12-26 14:00:00,0.0,0.0,0.0
2015-12-19 08:00:00,0.0,0.0,0.0
2015-01-17 20:00:00,1.407469342,1.0,1.4381270903
2013-12-23 10:00:00,0.0,0.0,0.0
2015-02-14 12:00:00,0.0,0.0,0.0
2014-12-02 10:00:00,11.61510591,1.0,7.1996934223
2014-07-31 20:00:00,0.0,0.0,0.0
2015-02-11 16:00:00,0.0,0.0,0.0
2015-01-31 14:00:00,29.33389075,1.0,16.122491637
2014-08-27 16:00:00,0.0,0.0,0.0
2015-02-18 10:00:00,1.031215162,1.0,1.1865942029
2014-08-25 00:00:00,0.0,0.0,0.0313552468981
2013-11-28 20:00:00,0.0,0.0,0.0
2014-10-20 08:00:00,0.0,0.0,0.0
2014-02-27 22:00:00,0.0,0.0,0.0
2014-01-28 16:00:00,5.413879599,1.0,5.3525641027
2015-03-04 20:00:00,0.0,0.0,0.0
2015-10-20 04:00:00,0.01393534,1.0,0.7859531772
2014-05-18 18:00:00,0.0,0.0,0.0
2014-01-07 08:00:00,0.0,0.0,0.0
2015-12-21 12:00:00,0.0,0.0,0.0
2014-09-10 18:00:00,0.0,0.0,0.0
2015-12-17 02:00:00,0.0,0.0,0.0
2015-10-13 04:00:00,7.782887402,1.0,5.0752508361
2014-09-16 20:00:00,0.0,0.0,0.0
2014-10-22 08:00:00,0.0,0.0,0.0
2015-09-03 04:00:00,0.0,0.0,0.0
2014-07-19 02:00:00,0.0,0.0,0.0
2015-01-30 04:00:00,0.0,0.0,0.0
2014-10-08 08:00:00,0.0,0.0,0.0
2015-09-07 04:00:00,0.0,0.0,0.0
2014-06-24 20:00:00,4.995819398,1.0,5.8988294315
2015-03-12 22:00:00,0.0,0.0,0.0
2014-12-01 18:00:00,7.476309922,1.0,9.8313823857
2014-01-01 02:00:00,0.0,0.0,0.0
2014-10-05 12:00:00,0.0,0.0,0.0
2015-01-31 04:00:00,17.62820513,1.0,12.5954570788
2014-05-16 06:00:00,0.0,0.0,0.0
2015-09-04 12:00:00,0.0,0.0,0.0
2015-08-20 08:00:00,0.0,0.0,0.0
2015-10-02 00:00:00,0.0,0.0,0.0
2015-09-30 06:00:00,0.0,0.0,0.0
2014-06-27 04:00:00,0.0,0.0,0.0
2014-02-28 18:00:00,0.0,0.0,0.0
2015-02-01 14:00:00,6.842251951,1.0,4.6674259025
2014-12-18 10:00:00,0.0,0.0,0.0
2015-09-22 14:00:00,0.0,0.0,0.0
2014-01-30 16:00:00,0.14632107,1.0,2.4658584169
2015-10-21 22:00:00,0.0,0.0,0.0
2014-07-15 20:00:00,0.0,0.0,0.0
2014-08-28 12:00:00,0.0,0.0,0.0
2013-11-28 18:00:00,0.0,0.0,0.0
2014-05-08 12:00:00,0.0,0.0,0.0
2015-10-18 18:00:00,0.0,0.0,0.0
2014-10-01 06:00:00,0.0,0.0,0.0
2014-06-25 12:00:00,0.0,0.0,0.042502787
2014-02-01 02:00:00,14.7993311,1.0,14.2572463785
2014-04-26 20:00:00,0.0,0.0,0.0
2015-11-27 04:00:00,0.0,0.0,0.0
2014-02-05 20:00:00,0.0,0.0,0.0
2014-06-04 04:00:00,0.0,0.0,0.0
2014-10-16 04:00:00,0.0,0.0,0.0
2014-12-19 04:00:00,0.0,0.0,0.0
2014-06-20 08:00:00,2.640746934,1.0,3.5660535119
2015-11-05 18:00:00,0.0,0.0,0.0
2014-08-21 10:00:00,0.0,0.0,0.0
2014-10-31 00:00:00,0.0,0.0,0.0
2015-02-13 20:00:00,3.713768116,1.0,4.1785117058
2014-04-09 18:00:00,0.0,0.0,0.0
2015-11-23 08:00:00,0.0,0.0,0.0
2014-08-24 10:00:00,0.0,0.0,0.0
2014-10-26 00:00:00,0.0,0.0,0.0
2014-08-08 16:00:00,0.0,0.0,0.0
2014-04-23 10:00:00,0.0,0.0,0.0
2015-11-03 14:00:00,0.0,0.0,0.0
2014-03-20 10:00:00,0.0,0.0,0.0
2015-02-20 14:00:00,0.0,0.0,0.0
2014-12-23 10:00:00,0.0,0.0,0.0
2014-02-17 04:00:00,26.06605351,1.0,14.860646598
2015-09-23 08:00:00,0.0,0.0,0.0
2014-07-06 22:00:00,8.862876254,1.0,7.6435340023
2015-08-16 02:00:00,0.0,0.0,0.0
2014-09-16 06:00:00,0.0,0.0,0.0
2015-03-05 00:00:00,0.0,0.0,0.0
2014-01-31 18:00:00,9.455128205,1.0,7.2860925307
2015-02-22 20:00:00,0.0,1.0,2.4059364548
2015-10-23 06:00:00,0.0,0.0,0.2787068005
2015-11-09 06:00:00,0.0,0.0,0.0
2013-12-07 02:00:00,0.0,0.0,0.0
2014-12-25 18:00:00,0.0,0.0,0.0
2014-07-18 22:00:00,0.0,0.0,0.0
2014-12-28 20:00:00,0.634057971,1.0,1.5496098106
2015-03-05 16:00:00,0.0,0.0,0.0
2014-01-19 20:00:00,13.42670011,1.0,17.719481603
2015-10-12 18:00:00,4.856465998,1.0,2.5857023411
2014-09-09 00:00:00,0.0,0.0,0.0
2015-12-11 12:00:00,0.0,0.0,0.0
2015-02-14 16:00:00,0.0,0.0,0.0
2015-08-17 18:00:00,4.152731327,1.0,1.7070791527
2015-10-02 02:00:00,0.0,0.0,0.0
2014-05-14 00:00:00,0.0,0.0,0.0
2014-12-03 00:00:00,13.09921962,1.0,17.363433667
2014-10-17 12:00:00,0.0,0.0,0.0
2014-02-17 20:00:00,8.319397993,1.0,9.3380713492
2015-11-02 12:00:00,0.0,0.0,0.6981605352
2015-10-29 22:00:00,0.0,0.0,0.0
2015-11-27 00:00:00,0.0,0.0,0.0
2014-06-06 00:00:00,0.0,0.0,0.0
2015-11-24 08:00:00,0.0,0.0,0.0
2014-04-28 00:00:00,0.0,0.0,0.0
2015-02-26 12:00:00,0.0,0.0,0.0
2014-01-30 20:00:00,0.29960981,1.0,1.3043478261
2014-05-02 20:00:00,0.0,0.0,0.0
2014-05-18 22:00:00,0.0,0.0,0.0
2014-09-12 04:00:00,0.0,0.0,0.0
2014-03-01 08:00:00,0.0,0.0,0.0160293343048
2015-03-23 20:00:00,8.019788183,1.0,10.586677815
2015-01-23 14:00:00,0.0,0.0,0.0
2014-12-22 22:00:00,0.0,0.0,0.0
2015-01-13 04:00:00,0.0,0.0,0.0
2014-12-08 16:00:00,0.0,0.0,0.0
2015-03-03 04:00:00,0.0,0.0,0.0
2014-09-18 00:00:00,0.02090301,1.0,2.2672798215
2015-09-21 12:00:00,0.0,0.0,0.0
2014-12-01 04:00:00,10.91137124,1.0,13.8893534
2014-07-30 04:00:00,0.0,0.0,0.0
2014-09-07 18:00:00,0.0,0.0,0.0
2015-01-28 08:00:00,0.0,1.0,0.0
2014-07-08 22:00:00,0.0,0.0,0.0
2014-12-07 14:00:00,0.0,0.0,0.0
2014-10-07 02:00:00,0.0,0.0,0.0
2014-05-17 00:00:00,0.0,0.0,0.0
2013-12-25 02:00:00,0.0,0.0,0.0
2014-03-29 08:00:00,12.45122631,1.0,11.1217948729
2014-07-31 02:00:00,0.0,0.0,0.0
2014-03-01 02:00:00,0.0,0.0,0.0
2015-02-19 12:00:00,0.515607581,1.0,0.2104236343
2015-10-03 06:00:00,0.0,0.0,0.0
2014-10-17 16:00:00,0.0,0.0,0.0
2015-10-29 08:00:00,0.0,0.0,0.689799331
2015-09-05 08:00:00,0.0,0.0,0.0
2014-04-05 20:00:00,0.0,0.0,0.0
2014-04-11 06:00:00,0.0,0.0,0.0
2014-06-21 08:00:00,0.0,0.0,0.0
2014-09-05 04:00:00,0.0,0.0,0.0
2015-09-06 04:00:00,0.0,0.0,0.0
2015-11-25 10:00:00,0.0,0.0,0.0
2014-03-30 08:00:00,0.0,0.0,1.1008918617
2014-03-19 10:00:00,0.0,0.0,0.0
2014-03-03 14:00:00,0.0,0.0,0.0
2014-02-17 06:00:00,15.12681159,1.0,14.2899944244
2015-03-31 10:00:00,0.0,0.0,0.0
2014-04-11 08:00:00,0.0,0.0,0.0
2014-07-19 04:00:00,0.0,0.0,0.0
2015-08-12 20:00:00,0.03483835,1.0,0.4528985507
2014-03-08 08:00:00,0.0,0.0,0.0
2014-02-23 04:00:00,0.0,0.0,0.0
2014-01-09 16:00:00,0.0,0.0,0.0
2014-01-01 08:00:00,0.0,0.0,0.0
2015-01-15 16:00:00,0.0,0.0,0.0
2014-09-17 18:00:00,0.27173913,0.0,0.0
2014-08-03 08:00:00,0.0,0.0,0.0
2015-09-23 10:00:00,0.0,0.0,0.0
2015-01-06 16:00:00,0.0,0.0,0.0
2014-09-28 00:00:00,10.08918618,1.0,4.8090858417
2014-05-21 06:00:00,0.0,0.0,0.0
2015-02-22 10:00:00,10.68143813,1.0,11.903567447
2015-10-22 04:00:00,0.0,0.0,1.5816610926
2015-09-22 00:00:00,0.0,0.0,0.0
2014-04-25 00:00:00,0.0,0.0,0.0
2014-10-05 20:00:00,1.052118172,1.0,4.2440078039
2015-09-14 12:00:00,0.0,0.0,0.0
2015-09-03 20:00:00,0.0,0.0,1.4304626531
2014-05-12 12:00:00,0.0,0.0,0.0
2014-03-12 00:00:00,4.856465998,1.0,4.1513377925
2014-02-16 12:00:00,4.995819398,1.0,6.9349219623
2014-10-04 14:00:00,0.0,0.0,0.0
2015-11-22 10:00:00,2.236622074,1.0,3.3228818284
2013-12-03 18:00:00,0.0,0.0,0.0
2015-01-12 18:00:00,0.0,0.0,0.0
2015-10-02 22:00:00,0.0,0.0,0.0
2015-11-01 16:00:00,0.00696767,1.0,0.9420289855
2014-06-05 14:00:00,0.0,0.0,0.0
2015-09-11 02:00:00,0.0,0.0,0.0
2015-03-10 10:00:00,0.0,0.0,0.0
2014-02-08 12:00:00,0.0,0.0,0.0
2013-12-28 08:00:00,0.00696767,1.0,1.0597826088
2013-12-27 22:00:00,0.0,0.0,0.0
2015-01-06 04:00:00,0.00696767,0.0,0.0334448161
2015-12-19 18:00:00,0.0,0.0,0.0
2014-01-18 06:00:00,14.56939799,1.0,11.8290133791
2015-11-01 12:00:00,0.07664437,1.0,4.9038461541
2014-06-09 06:00:00,0.0,0.0,0.0
2014-08-02 20:00:00,13.62876254,1.0,3.3312430321
2014-07-17 08:00:00,0.0,0.0,0.0
2015-09-29 04:00:00,0.0,0.0,0.0
2014-05-16 10:00:00,0.04180602,0.0,0.0
2014-01-16 14:00:00,0.29960981,1.0,1.3649665553
2014-03-12 12:00:00,0.0,0.0,0.0
2015-01-27 08:00:00,0.0,0.0,0.0
2015-08-16 08:00:00,0.0,0.0,0.0
2014-12-08 06:00:00,0.0,0.0,0.0
2013-12-01 02:00:00,0.0,0.0,0.0
2015-09-12 22:00:00,0.0,0.0,0.0
2015-03-16 18:00:00,0.0,0.0,0.0
2014-05-22 16:00:00,0.0,0.0,0.0
2015-02-15 04:00:00,0.0,0.0,0.0
2015-10-01 10:00:00,0.0,0.0,0.0
2013-12-02 04:00:00,0.0,0.0,0.0
2014-09-06 18:00:00,0.0,0.0,0.0
2014-04-30 06:00:00,0.0,0.0,0.0
2014-08-21 22:00:00,0.0,0.0,0.0
2014-09-29 00:00:00,7.594760312,1.0,10.9545707921
2014-10-09 12:00:00,0.0,0.0,0.0
2015-08-24 20:00:00,0.0,0.0,0.0
2015-03-13 00:00:00,0.0,0.0,0.0
2014-01-27 02:00:00,0.0,0.0,0.0
2015-09-29 06:00:00,0.0,0.0,0.0
2015-02-15 10:00:00,0.0,0.0,0.0
2014-07-21 08:00:00,0.0,0.0,0.0
2014-05-17 04:00:00,0.0,0.0,0.0
2014-10-04 04:00:00,0.0,0.0,0.0
2015-02-20 22:00:00,11.58723523,1.0,10.0473801558
2014-04-07 18:00:00,0.0,0.0,0.0
2013-12-24 08:00:00,0.0,0.0,0.0
2014-06-26 16:00:00,0.0,0.0,0.0
2014-05-21 00:00:00,3.226031215,1.0,0.7908305463
2015-12-20 20:00:00,0.0,0.0,0.0
2014-08-08 22:00:00,0.0,0.0,0.0
2015-09-21 06:00:00,0.0,0.0,0.0
2015-12-15 06:00:00,0.0,0.0,0.0
2014-07-21 04:00:00,0.0,0.0,0.0
2015-10-22 10:00:00,0.0,1.0,1.5600613157
2014-09-28 14:00:00,0.0,0.0,0.0
2014-10-30 10:00:00,0.0,0.0,0.0
2015-03-13 02:00:00,0.0,0.0,0.0
2015-08-10 22:00:00,0.0,0.0,0.0
2015-03-12 06:00:00,0.0,0.0,0.0
2014-12-16 18:00:00,9.462095875,1.0,3.5465440356
2015-09-04 02:00:00,0.03483835,1.0,0.2731326644
2015-09-29 00:00:00,0.0,0.0,0.0
2014-04-01 10:00:00,0.0,0.0,0.0
2014-09-14 14:00:00,0.0,0.0,0.0
2015-01-23 10:00:00,0.0,0.0,0.0
2015-12-08 12:00:00,0.0,0.0,0.0
2014-02-22 12:00:00,0.0,0.0,0.0
2014-09-25 10:00:00,0.0,0.0,0.0
2013-12-26 20:00:00,18.49219621,1.0,11.4792363436
2014-02-25 18:00:00,0.0,0.0,0.0705429509
2014-02-27 02:00:00,0.0,0.0,0.0
2014-03-19 02:00:00,0.0,0.0,0.0
2013-12-19 22:00:00,5.476588629,1.0,4.7317447044
2015-11-11 04:00:00,0.0,0.0,0.0
2014-12-22 16:00:00,0.0,0.0,0.0
2015-12-09 22:00:00,0.0,0.0,0.0
2014-06-16 04:00:00,8.563266444,1.0,15.4793756965
2014-05-13 12:00:00,0.0,0.0,0.0
2015-02-03 16:00:00,4.173634337,0.0,0.8131270902
2015-11-29 14:00:00,0.0,0.0,0.0
2014-04-26 22:00:00,0.0,0.0,0.0
2014-12-22 12:00:00,0.0,0.0,0.0
2015-08-25 04:00:00,0.0,0.0,0.0
2015-11-19 08:00:00,0.0,0.0,0.0
2014-08-08 04:00:00,0.0,0.0,0.0
2014-08-21 00:00:00,0.0,0.0,0.0
2014-09-14 02:00:00,0.0,0.0,0.0515607581
2015-09-09 02:00:00,5.706521739,1.0,4.8529821627
2014-04-21 22:00:00,3.936733556,1.0,5.3483835006
2014-01-21 12:00:00,0.03483835,0.0,0.0
2014-03-10 04:00:00,0.00696767,1.0,1.2834448161
2013-11-30 14:00:00,0.0,0.0,0.0
2015-09-26 10:00:00,0.0,0.0,0.0
2014-10-21 12:00:00,0.0,0.0,0.0
2014-08-17 04:00:00,0.0,0.0,0.0
2013-12-13 04:00:00,0.0,0.0,0.0
2015-01-28 06:00:00,1.121794872,1.0,2.0220178374
2014-06-03 04:00:00,0.0,0.0,0.0
2015-08-20 18:00:00,0.0,0.0,0.0
2014-02-07 10:00:00,0.11845039,1.0,5.6020066892
2014-05-08 10:00:00,0.0,0.0,0.0
2015-11-24 10:00:00,0.0,0.0,0.0
2015-08-14 10:00:00,0.0,0.0,0.0
2015-11-20 12:00:00,0.0,0.0,0.0
2015-09-04 22:00:00,0.0,0.0,0.0
2015-08-10 16:00:00,0.0,0.0,0.0
2014-01-27 22:00:00,4.967948718,1.0,3.6858974361
2014-12-17 10:00:00,0.0,0.0,0.0
2014-07-12 12:00:00,0.0,0.0,0.0
2015-01-15 06:00:00,0.0,0.0,0.0
2014-06-07 10:00:00,0.0,0.0,0.0
2015-01-29 20:00:00,7.134894091,1.0,6.7454013378
2014-07-09 20:00:00,0.0,0.0,0.0
2014-02-26 08:00:00,0.0,0.0,0.0
2015-02-23 22:00:00,0.0,0.0,0.0
